DrugBank ID,Name,CAS Number,Drug Groups,InChIKey,InChI,SMILES,Formula,KEGG Compound ID,KEGG Drug ID,PubChem Compound ID,PubChem Substance ID,ChEBI ID,ChEMBL ID,HET ID,ChemSpider ID,BindingDB ID
,,,,,,,,,,9987061,,,,,,
<Element '{http://www.drugbank.ca}drugbank-id' at 0x7f11bfacedb8>,Idazoxan,79944-58-4,investigational,HPMRFMKYPGXPEP-UHFFFAOYSA-N,"InChI=1S/C11H12N2O2/c1-2-4-9-8(3-1)14-7-10(15-9)11-12-5-6-13-11/h1-4,10H,5-7H2,(H,12,13)",C1CN=C(N1)C1COC2=CC=CC=C2O1,C11H12N2O2,C10968,,54459,347828776,5862,CHEMBL10316,,49184,50019848
,,,,,,,,,,35319,,,,,,
,,,,,,,,,,387042,,,,,,
<Element '{http://www.drugbank.ca}drugbank-id' at 0x7f12e3ab3c28>,Levosimendan,141505-33-1,approved; investigational,WHXMKTBCFHIYNQ-SECBINFHSA-N,"InChI=1S/C14H12N6O/c1-9-6-13(21)19-20-14(9)10-2-4-11(5-3-10)17-18-12(7-15)8-16/h2-5,9,17H,6H2,1H3,(H,19,21)/t9-/m1/s1",C[C@@H]1CC(=O)NN=C1C1=CC=C(NN=C(C#N)C#N)C=C1,C14H12N6O,,,3033825,46507149,50567,CHEMBL2051955,,2298414,
,,,,,,,,,,65684,,,,,,
,,,,,,,,,,108007,,,,,,
,,,,,,,,,,1271,,,,,,
<Element '{http://www.drugbank.ca}drugbank-id' at 0x7f124b677638>,Prucalopride,179474-81-8,approved,ZPMNHBXQOOVQJL-UHFFFAOYSA-N,"InChI=1S/C18H26ClN3O3/c1-24-9-2-6-22-7-3-12(4-8-22)21-18(23)14-11-15(19)16(20)13-5-10-25-17(13)14/h11-12H,2-10,20H2,1H3,(H,21,23)",COCCCN1CCC(CC1)NC(=O)C1=C2OCCC2=C(N)C(Cl)=C1,C18H26ClN3O3,,,3052762,310264873,135552,CHEMBL117287,,2314539,50122872
,,,,,,,,,,10374453,,,,,,
,,,,,,,,,,4428,,,,,,
,,,,,,,,,,16750127,,,,,,
,,,,,,,,,,5255,,,,,,
,,,,,,,,,,5281617,,,,,,
,,,,,,,,,,115271,,,,,,
,,,,,,,,,,93504,,,,,,
<Element '{http://www.drugbank.ca}drugbank-id' at 0x7f12e09f6d68>,Salmeterol,89365-50-4,approved,GIIZNNXWQWCKIB-UHFFFAOYSA-N,"InChI=1S/C25H37NO4/c27-20-23-18-22(13-14-24(23)28)25(29)19-26-15-7-1-2-8-16-30-17-9-6-12-21-10-4-3-5-11-21/h3-5,10-11,13-14,18,25-29H,1-2,6-9,12,15-17,19-20H2",OCC1=C(O)C=CC(=C1)C(O)CNCCCCCCOCCCCC1=CC=CC=C1,C25H37NO4,C07241,D05792,5152,46508024,64064,CHEMBL1263,,4968,25771
,,,,,,,,,,5018,,,,,,
,,,,,,,,,,387042,,,,,,
<Element '{http://www.drugbank.ca}drugbank-id' at 0x7f12fafab868>,Gadopentetic acid,80529-93-7,approved,IZOOGPBRAOKZFK-UHFFFAOYSA-K,"InChI=1S/C14H23N3O10.Gd/c18-10(19)5-15(1-3-16(6-11(20)21)7-12(22)23)2-4-17(8-13(24)25)9-14(26)27;/h1-9H2,(H,18,19)(H,20,21)(H,22,23)(H,24,25)(H,26,27);/q;+3/p-3",[Gd+3].OC(=O)CN(CCN(CCN(CC(O)=O)CC([O-])=O)CC([O-])=O)CC([O-])=O,C14H20GdN3O10,,,55466,46504878,35778,CHEMBL1200431,,138549,
,,,,,,,,,,2142,,,,,,
<Element '{http://www.drugbank.ca}drugbank-id' at 0x7f1298a89868>,Midomafetamine,42542-10-9,experimental; illicit; investigational,SHXWCVYOXRDMCX-UHFFFAOYSA-N,"InChI=1S/C11H15NO2/c1-8(12-2)5-9-3-4-10-11(6-9)14-7-13-10/h3-4,6,8,12H,5,7H2,1-2H3",CNC(C)CC1=CC2=C(OCO2)C=C1,C11H15NO2,C07577,,1615,46506404,1391,CHEMBL43048,,1556,50010588
,,,,,,,,,,23723,,,,,,
,,,,,,,,,,2207,,,,,,
,,,,,,,,,,2876,,,,,,
,,,,,,,,,,1271,,,,,,
,,,,,,,,,,2937,,,,,,
,,,,,,,,,,8830,,,,,,
,,,,,,,,,,637760,,,,,,
,,,,,,,,,,2518,,,,,,
<Element '{http://www.drugbank.ca}drugbank-id' at 0x7f11bae58c28>,GET-73,202402-01-5,investigational,QLZOWJNFLXSDSH-UHFFFAOYSA-N,"InChI=1S/C13H16F3NO2/c1-19-8-2-3-12(18)17-9-10-4-6-11(7-5-10)13(14,15)16/h4-7H,2-3,8-9H2,1H3,(H,17,18)",COCCCC(=O)NCC1=CC=C(C=C1)C(F)(F)F,C13H16F3NO2,,,10221200,347829073,,,,8396692,
,,,,,,,,,,6360,,,,,,
<Element '{http://www.drugbank.ca}drugbank-id' at 0x7f1279c7a2c8>,Glutaral,111-30-8,experimental,SXRSQZLOMIGNAQ-UHFFFAOYSA-N,"InChI=1S/C5H8O2/c6-4-2-1-3-5-7/h4-5H,1-3H2",O=CCCCC=O,C5H8O2,C12518,,3485,46505521,64276,CHEMBL1235482,PTD,3365,
,,,,,,,,,,3008868,,,,,,
,,,,,,,,,,6020,,,,,,
<Element '{http://www.drugbank.ca}drugbank-id' at 0x7f1253d2af98>,Pentaerythritol tetranitrate,78-11-5,approved,TZRXHJWUDPFEEY-UHFFFAOYSA-N,"InChI=1S/C5H8N4O12/c10-6(11)18-1-5(2-19-7(12)13,3-20-8(14)15)4-21-9(16)17/h1-4H2",[O-][N+](=O)OCC(CO[N+]([O-])=O)(CO[N+]([O-])=O)CO[N+]([O-])=O,C5H8N4O12,,D01721,6518,347827759,25879,CHEMBL466659,,6271,
,,,,,,,,,,4248455,,,,,,
,,,,,,,,,,156288,,,,,,
,,,,,,,,,,3586141,,,,,,
,,,,,,,,,,5273755,,,,,,
,,,,,,,,,,179536,,,,,,
<Element '{http://www.drugbank.ca}drugbank-id' at 0x7f1312cae1d8>,Dyclonine,586-60-7,approved,BZEWSEKUUPWQDQ-UHFFFAOYSA-N,"InChI=1S/C18H27NO2/c1-2-3-15-21-17-9-7-16(8-10-17)18(20)11-14-19-12-5-4-6-13-19/h7-10H,2-6,11-15H2,1H3",CCCCOC1=CC=C(C=C1)C(=O)CCN1CCCCC1,C18H27NO2,C07881,,3180,46506697,4724,CHEMBL1201217,,3068,
,,,,,,,,,,9639,,,,,,
,,,,,,,,,,242065,,,,,,
,,,,,,,,,,19777023,,,,,,
,,,,,,,,,,287064,,,,,,
,,,,,,,,,,159508,,,,,,
,,,,,,,,,,12585,,,,,,
,,,,,,,,,,245005,,,,,,
,,,,,,,,,,9861304,,,,,,
,,,,,,,,,,449219,,,,,,
<Element '{http://www.drugbank.ca}drugbank-id' at 0x7f128db1ca48>,Methacrylyl-Coenzyme A,6008-91-9,experimental,NPALUEYCDZWBOV-NDZSKPAWSA-N,"InChI=1S/C25H40N7O17P3S/c1-13(2)24(37)53-8-7-27-15(33)5-6-28-22(36)19(35)25(3,4)10-46-52(43,44)49-51(41,42)45-9-14-18(48-50(38,39)40)17(34)23(47-14)32-12-31-16-20(26)29-11-30-21(16)32/h11-12,14,17-19,23,34-35H,1,5-10H2,2-4H3,(H,27,33)(H,28,36)(H,41,42)(H,43,44)(H2,26,29,30)(H2,38,39,40)/t14-,17-,18-,19+,23-/m1/s1",CC(=C)C(=O)SCCNC(=O)CCNC(=O)[C@H](O)C(C)(C)COP(O)(=O)OP(O)(=O)OC[C@H]1O[C@H]([C@H](O)[C@@H]1OP(O)(O)=O)N1C=NC2=C1N=CN=C2N,C25H40N7O17P3S,C03460,,165390,46507414,27754,,2MC,144985,
<Element '{http://www.drugbank.ca}drugbank-id' at 0x7f11c2317bd8>,Sagopilone,305841-29-6,investigational,BFZKMNSQCNVFGM-UCEYFQQTSA-N,"InChI=1S/C30H41NO6S/c1-7-9-20-27(34)17(2)10-8-13-30(6)25(37-30)15-22(19-11-12-23-21(14-19)31-18(3)38-23)36-26(33)16-24(32)29(4,5)28(20)35/h7,11-12,14,17,20,22,24-25,27,32,34H,1,8-10,13,15-16H2,2-6H3/t17-,20+,22-,24-,25-,27-,30+/m0/s1",C[C@H]1CCC[C@@]2(C)O[C@H]2C[C@H](OC(=O)C[C@H](O)C(C)(C)C(=O)[C@H](CC=C)[C@H]1O)C1=CC=C2SC(C)=NC2=C1,C30H41NO6S,,,11284169,347828638,,CHEMBL2304041,,9459163,
<Element '{http://www.drugbank.ca}drugbank-id' at 0x7f11bc55eb38>,Ataciguat,254877-67-3,investigational,PQHLRGARXNPFCF-UHFFFAOYSA-N,"InChI=1S/C21H19Cl2N3O6S3/c22-14-1-6-18(25-34(28,29)20-8-7-19(23)33-20)17(13-14)21(27)24-15-2-4-16(5-3-15)35(30,31)26-9-11-32-12-10-26/h1-8,13,25H,9-12H2,(H,24,27)",ClC1=CC=C(S1)S(=O)(=O)NC1=C(C=C(Cl)C=C1)C(=O)NC1=CC=C(C=C1)S(=O)(=O)N1CCOCC1,C21H19Cl2N3O6S3,,,213037,347828980,,CHEMBL2107729,,184731,
,,,,,,,,,,4545574,,,,,,
,,,,,,,,,,91690,,,,,,
<Element '{http://www.drugbank.ca}drugbank-id' at 0x7f1245ec60e8>,Degarelix,214766-78-6,approved,MEUCPCLKGZSHTA-XYAYPHGZSA-N,"InChI=1S/C82H103ClN18O16/c1-45(2)35-60(72(107)92-59(16-9-10-33-87-46(3)4)80(115)101-34-12-17-68(101)79(114)88-47(5)70(84)105)93-74(109)63(38-51-23-30-58(31-24-51)91-81(85)116)95-76(111)64(39-50-21-28-57(29-22-50)90-71(106)66-42-69(104)100-82(117)99-66)97-78(113)67(44-102)98-77(112)65(41-53-13-11-32-86-43-53)96-75(110)62(37-49-19-26-56(83)27-20-49)94-73(108)61(89-48(6)103)40-52-18-25-54-14-7-8-15-55(54)36-52/h7-8,11,13-15,18-32,36,43,45-47,59-68,87,102H,9-10,12,16-17,33-35,37-42,44H2,1-6H3,(H2,84,105)(H,88,114)(H,89,103)(H,90,106)(H,92,107)(H,93,109)(H,94,108)(H,95,111)(H,96,110)(H,97,113)(H,98,112)(H3,85,91,116)(H2,99,100,104,117)/t47-,59+,60+,61-,62-,63-,64+,65-,66+,67+,68+/m1/s1",CC(C)C[C@H](NC(=O)[C@@H](CC1=CC=C(NC(N)=O)C=C1)NC(=O)[C@H](CC1=CC=C(NC(=O)[C@@H]2CC(=O)NC(=O)N2)C=C1)NC(=O)[C@H](CO)NC(=O)[C@@H](CC1=CC=CN=C1)NC(=O)[C@@H](CC1=CC=C(Cl)C=C1)NC(=O)[C@@H](CC1=CC=C2C=CC=CC2=C1)NC(C)=O)C(=O)N[C@@H](CCCCNC(C)C)C(=O)N1CCC[C@H]1C(=O)N[C@H](C)C(N)=O,C82H103ClN18O16,,D08901,16136245,99443253,135961,CHEMBL415606,,17292756,50102450
,,,,,,,,,,154656,,,,,,
<Element '{http://www.drugbank.ca}drugbank-id' at 0x7f12781b9b88>,Cardiolipin,,experimental,XVTUQDWPJJBEHJ-KZCWQMDCSA-N,"InChI=1S/C81H158O17P2/c1-5-9-13-17-21-25-29-33-37-41-45-49-53-57-61-65-78(83)91-71-76(97-80(85)67-63-59-55-51-47-43-39-35-31-27-23-19-15-11-7-3)73-95-99(87,88)93-69-75(82)70-94-100(89,90)96-74-77(98-81(86)68-64-60-56-52-48-44-40-36-32-28-24-20-16-12-8-4)72-92-79(84)66-62-58-54-50-46-42-38-34-30-26-22-18-14-10-6-2/h75-77,82H,5-74H2,1-4H3,(H,87,88)(H,89,90)/t76-,77-/m1/s1",CCCCCCCCCCCCCCCCCC(=O)OC[C@H](CO[P@@](O)(=O)OCC(O)CO[P@](O)(=O)OC[C@@H](COC(=O)CCCCCCCCCCCCCCCCC)OC(=O)CCCCCCCCCCCCCCCCC)OC(=O)CCCCCCCCCCCCCCCCC,C81H158O17P2,C05980,,449005,46507093,62861,,CDL,395642,
,,,,,,,,,,11698643,,,,,,
<Element '{http://www.drugbank.ca}drugbank-id' at 0x7f126e9ee188>,Citric Acid,77-92-9,approved; nutraceutical; vet_approved,KRKNYBCHXYNGOX-UHFFFAOYSA-N,"InChI=1S/C6H8O7/c7-3(8)1-6(13,5(11)12)2-4(9)10/h13H,1-2H2,(H,7,8)(H,9,10)(H,11,12)",OC(=O)CC(O)(CC(O)=O)C(O)=O,C6H8O7,C00158,D00037,311,46508995,30769,CHEMBL1261,CIT,305,14672
,,,,,,,,,,2826718,,,,,,
<Element '{http://www.drugbank.ca}drugbank-id' at 0x7f11c0f9d4f8>,Piribedil,3605-01-4,investigational,OQDPVLVUJFGPGQ-UHFFFAOYSA-N,"InChI=1S/C16H18N4O2/c1-4-17-16(18-5-1)20-8-6-19(7-9-20)11-13-2-3-14-15(10-13)22-12-21-14/h1-5,10H,6-9,11-12H2",C(N1CCN(CC1)C1=NC=CC=N1)C1=CC2=C(OCO2)C=C1,C16H18N4O2,,,4850,347828716,92833,CHEMBL1371770,,4684,85092
,,,,,,,,,,24287,,,,,,
,,,,,,,,,,24180710,,,,,,
,,,,,,,,,,2505,,,,,,
<Element '{http://www.drugbank.ca}drugbank-id' at 0x7f11b8e73908>,Nefiracetam,77191-36-7,investigational,NGHTXZCKLWZPGK-UHFFFAOYSA-N,"InChI=1S/C14H18N2O2/c1-10-5-3-6-11(2)14(10)15-12(17)9-16-8-4-7-13(16)18/h3,5-6H,4,7-9H2,1-2H3,(H,15,17)",CC1=CC=CC(C)=C1N=C(O)CN1CCCC1=O,C14H18N2O2,,,71157,347829207,135004,CHEMBL260829,,64299,
,,,,,,,,,,46184563,,,,,,
,,,,,,,,,,5358116,,,,,,
,,,,,,,,,,9868580,,,,,,
,,,,,,,,,,16738692,,,,,,
,,,,,,,,,,123623,,,,,,
,,,,,,,,,,124219,,,,,,
,,,,,,,,,,11635,,,,,,
,,,,,,,,,,108018,,,,,,
,,,,,,,,,,86664385,,,,,,
<Element '{http://www.drugbank.ca}drugbank-id' at 0x7f1223bd5908>,Canagliflozin,842133-18-0,approved,XTNGUQKDFGDXSJ-ZXGKGEBGSA-N,"InChI=1S/C24H25FO5S/c1-13-2-3-15(24-23(29)22(28)21(27)19(12-26)30-24)10-16(13)11-18-8-9-20(31-18)14-4-6-17(25)7-5-14/h2-10,19,21-24,26-29H,11-12H2,1H3/t19-,21-,22+,23-,24+/m1/s1",[H][C@]1(O[C@H](CO)[C@@H](O)[C@H](O)[C@H]1O)C1=CC=C(C)C(CC2=CC=C(S2)C2=CC=C(F)C=C2)=C1,C24H25FO5S,,D09592,24812758,175427146,73274,CHEMBL2048484,,26333259,50386885
<Element '{http://www.drugbank.ca}drugbank-id' at 0x7f127e2efc78>,Acetylphosphate,,experimental,LIPOUNRJVLNBCD-UHFFFAOYSA-N,"InChI=1S/C2H5O5P/c1-2(3)7-8(4,5)6/h1H3,(H2,4,5,6)",CC(=O)OP(O)(O)=O,C2H5O5P,C00227,,186,46505844,15350,,UVW,181,
,,,,,,,,,,156418,,,,,,
,,,,,,,,,,61671,,,,,,
,,,,,,,,,,93091,,,,,,
,,,,,,,,,,9639,,,,,,
,,,,,,,,,,92396,,,,,,
<Element '{http://www.drugbank.ca}drugbank-id' at 0x7f12758a63b8>,Cysteinesulfonic Acid,,experimental,XVOYSCVBGLVSOL-REOHCLBHSA-N,"InChI=1S/C3H7NO5S/c4-2(3(5)6)1-10(7,8)9/h2H,1,4H2,(H,5,6)(H,7,8,9)/t2-/m0/s1",N[C@@H](CS(O)(=O)=O)C(O)=O,C3H7NO5S,C00506,,72886,46508940,17285,,OCS,65718,
<Element '{http://www.drugbank.ca}drugbank-id' at 0x7f12fafab868>,Gadopentetic acid,80529-93-7,approved,IZOOGPBRAOKZFK-UHFFFAOYSA-K,"InChI=1S/C14H23N3O10.Gd/c18-10(19)5-15(1-3-16(6-11(20)21)7-12(22)23)2-4-17(8-13(24)25)9-14(26)27;/h1-9H2,(H,18,19)(H,20,21)(H,22,23)(H,24,25)(H,26,27);/q;+3/p-3",[Gd+3].OC(=O)CN(CCN(CCN(CC(O)=O)CC([O-])=O)CC([O-])=O)CC([O-])=O,C14H20GdN3O10,,,55466,46504878,35778,CHEMBL1200431,,138549,
,,,,,,,,,,189460,,,,,,
,,,,,,,,,,2729,,,,,,
,,,,,,,,,,3477,,,,,,
,,,,,,,,,,5476815,,,,,,
,,,,,,,,,,125105,,,,,,
,,,,,,,,,,5722,,,,,,
,,,,,,,,,,19065601,,,,,,
,,,,,,,,,,5518,,,,,,
,,,,,,,,,,1574,,,,,,
<Element '{http://www.drugbank.ca}drugbank-id' at 0x7f11be54d778>,Bardoxolone,218600-44-3,investigational,TXGZJQLMVSIZEI-UQMAOPSPSA-N,"InChI=1S/C31H41NO4/c1-26(2)10-12-31(25(35)36)13-11-30(7)23(19(31)16-26)20(33)14-22-28(5)15-18(17-32)24(34)27(3,4)21(28)8-9-29(22,30)6/h14-15,19,21,23H,8-13,16H2,1-7H3,(H,35,36)/t19-,21-,23-,28-,29+,30+,31-/m0/s1",CC1(C)CC[C@@]2(CC[C@]3(C)[C@@H]([C@@H]2C1)C(=O)C=C1[C@@]2(C)C=C(C#N)C(=O)C(C)(C)[C@@H]2CC[C@@]31C)C(O)=O,C31H41NO4,,,400010,347828858,,CHEMBL1093059,,354529,
,,,,,,,,,,5441,,,,,,
,,,,,,,,,,16158207,,,,,,
,,,,,,,,,,71120,,,,,,
,,,,,,,,,,64981,,,,,,
,,,,,,,,,,11125797,,,,,,
,,,,,,,,,,16682999,,,,,,
,,,,,,,,,,9297,,,,,,
,,,,,,,,,,51224,,,,,,
,,,,,,,,,,52944803,,,,,,
,,,,,,,,,,55480,,,,,,
<Element '{http://www.drugbank.ca}drugbank-id' at 0x7f1335faf818>,Trimethoprim,738-70-5,approved; vet_approved,IEDVJHCEMCRBQM-UHFFFAOYSA-N,"InChI=1S/C14H18N4O3/c1-19-10-5-8(6-11(20-2)12(10)21-3)4-9-7-17-14(16)18-13(9)15/h5-7H,4H2,1-3H3,(H4,15,16,17,18)",COC1=CC(CC2=CN=C(N)N=C2N)=CC(OC)=C1OC,C14H18N4O3,C01965,D00145,5578,46507125,45924,CHEMBL22,TOP,5376,18069
<Element '{http://www.drugbank.ca}drugbank-id' at 0x7f11c7f56818>,Epicatechin,490-46-0,investigational,PFTAWBLQPZVEMU-UKRRQHHQSA-N,"InChI=1S/C15H14O6/c16-8-4-11(18)9-6-13(20)15(21-14(9)5-8)7-1-2-10(17)12(19)3-7/h1-5,13,15-20H,6H2/t13-,15-/m1/s1",O[C@@H]1CC2=C(O)C=C(O)C=C2O[C@@H]1C1=CC(O)=C(O)C=C1,C15H14O6,C09727,,72276,347828350,90,CHEMBL583912,28E,65230,23417
,,,,,,,,,,25701,,,,,,
,,,,,,,,,,16132042,,,,,,
,,,,,,,,,,15139,,,,,,
,,,,,,,,,,5282259,,,,,,
,,,,,,,,,,114778,,,,,,
,,,,,,,,,,65684,,,,,,
,,,,,,,,,,3016734,,,,,,
,,,,,,,,,,9877229,,,,,,
,,,,,,,,,,56841561,,,,,,
,,,,,,,,,,6328166,,,,,,
,,,,,,,,,,709,,,,,,
<Element '{http://www.drugbank.ca}drugbank-id' at 0x7f132ee2dae8>,Amikacin,37517-28-5,approved; investigational; vet_approved,LKCWBDHBTVXHDL-RMDFUYIESA-N,"InChI=1S/C22H43N5O13/c23-2-1-8(29)20(36)27-7-3-6(25)18(39-22-16(34)15(33)13(31)9(4-24)37-22)17(35)19(7)40-21-14(32)11(26)12(30)10(5-28)38-21/h6-19,21-22,28-35H,1-5,23-26H2,(H,27,36)/t6-,7+,8-,9+,10+,11-,12+,13+,14+,15-,16+,17-,18+,19-,21+,22+/m0/s1",NCC[C@H](O)C(=O)N[C@@H]1C[C@H](N)[C@@H](O[C@H]2O[C@H](CN)[C@@H](O)[C@H](O)[C@H]2O)[C@H](O)[C@H]1O[C@H]1O[C@H](CO)[C@@H](O)[C@H](N)[C@H]1O,C22H43N5O13,C06820,D02543,37768,46506386,2637,CHEMBL177,AKN,34635,
,,,,,,,,,,768,,,,,,
,,,,,,,,,,6618,,,,,,
<Element '{http://www.drugbank.ca}drugbank-id' at 0x7f12d2da37c8>,Glyburide,10238-21-8,approved,ZNNLBTZKUZBEKO-UHFFFAOYSA-N,"InChI=1S/C23H28ClN3O5S/c1-32-21-12-9-17(24)15-20(21)22(28)25-14-13-16-7-10-19(11-8-16)33(30,31)27-23(29)26-18-5-3-2-4-6-18/h7-12,15,18H,2-6,13-14H2,1H3,(H,25,28)(H2,26,27,29)",COC1=C(C=C(Cl)C=C1)C(=O)NCCC1=CC=C(C=C1)S(=O)(=O)NC(=O)NC1CCCCC1,C23H28ClN3O5S,C07022,D00336,3488,46509154,5441,CHEMBL472,GBM,3368,50012957
,,,,,,,,,,114778,,,,,,
,,,,,,,,,,77319,,,,,,
<Element '{http://www.drugbank.ca}drugbank-id' at 0x7f11bc55eb38>,Ataciguat,254877-67-3,investigational,PQHLRGARXNPFCF-UHFFFAOYSA-N,"InChI=1S/C21H19Cl2N3O6S3/c22-14-1-6-18(25-34(28,29)20-8-7-19(23)33-20)17(13-14)21(27)24-15-2-4-16(5-3-15)35(30,31)26-9-11-32-12-10-26/h1-8,13,25H,9-12H2,(H,24,27)",ClC1=CC=C(S1)S(=O)(=O)NC1=C(C=C(Cl)C=C1)C(=O)NC1=CC=C(C=C1)S(=O)(=O)N1CCOCC1,C21H19Cl2N3O6S3,,,213037,347828980,,CHEMBL2107729,,184731,
,,,,,,,,,,9929731,,,,,,
,,,,,,,,,,105035,,,,,,
,,,,,,,,,,1381,,,,,,
<Element '{http://www.drugbank.ca}drugbank-id' at 0x7f12e09f6d68>,Salmeterol,89365-50-4,approved,GIIZNNXWQWCKIB-UHFFFAOYSA-N,"InChI=1S/C25H37NO4/c27-20-23-18-22(13-14-24(23)28)25(29)19-26-15-7-1-2-8-16-30-17-9-6-12-21-10-4-3-5-11-21/h3-5,10-11,13-14,18,25-29H,1-2,6-9,12,15-17,19-20H2",OCC1=C(O)C=CC(=C1)C(O)CNCCCCCCOCCCCC1=CC=CC=C1,C25H37NO4,C07241,D05792,5152,46508024,64064,CHEMBL1263,,4968,25771
,,,,,,,,,,1381,,,,,,
,,,,,,,,,,242994,,,,,,
<Element '{http://www.drugbank.ca}drugbank-id' at 0x7f12ca287db8>,Glipizide,29094-61-9,approved; investigational,ZJJXGWJIGJFDTL-UHFFFAOYSA-N,"InChI=1S/C21H27N5O4S/c1-15-13-24-19(14-23-15)20(27)22-12-11-16-7-9-18(10-8-16)31(29,30)26-21(28)25-17-5-3-2-4-6-17/h7-10,13-14,17H,2-6,11-12H2,1H3,(H,22,27)(H2,25,26,28)",CC1=NC=C(N=C1)C(=O)NCCC1=CC=C(C=C1)S(=O)(=O)NC(=O)NC1CCCCC1,C21H27N5O4S,,D00335,3478,46505865,5384,CHEMBL1073,,3359,50012956
,,,,,,,,,,5291488,,,,,,
,,,,,,,,,,100184,,,,,,
,,,,,,,,,,5281654,,,,,,
,,,,,,,,,,108001,,,,,,
,,,,,,,,,,158796,,,,,,
,,,,,,,,,,5281295,,,,,,
<Element '{http://www.drugbank.ca}drugbank-id' at 0x7f11c6867458>,MK-212,64022-27-1,investigational,CJAWPFJGFFNXQI-UHFFFAOYSA-N,"InChI=1S/C8H11ClN4/c9-7-5-11-6-8(12-7)13-3-1-10-2-4-13/h5-6,10H,1-4H2",ClC1=NC(=CN=C1)N1CCNCC1,C8H11ClN4,,,107992,347828412,92360,CHEMBL269521,,97104,50017452
,,,,,,,,,,24766,,,,,,
,,,,,,,,,,91466,,,,,,
<Element '{http://www.drugbank.ca}drugbank-id' at 0x7f12ea82b728>,Bumetanide,28395-03-1,approved,MAEIEVLCKWDQJH-UHFFFAOYSA-N,"InChI=1S/C17H20N2O5S/c1-2-3-9-19-14-10-12(17(20)21)11-15(25(18,22)23)16(14)24-13-7-5-4-6-8-13/h4-8,10-11,19H,2-3,9H2,1H3,(H,20,21)(H2,18,22,23)",CCCCNC1=C(OC2=CC=CC=C2)C(=CC(=C1)C(O)=O)S(N)(=O)=O,C17H20N2O5S,,D00247,2471,46508147,3213,CHEMBL1072,,2377,25903
,,,,,,,,,,5462310,,,,,,
,,,,,,,,,,6850753,,,,,,
,,,,,,,,,,38012,,,,,,
,,,,,,,,,,15491250,,,,,,
,,,,,,,,,,10255,,,,,,
,,,,,,,,,,91516,,,,,,
<Element '{http://www.drugbank.ca}drugbank-id' at 0x7f133df3cef8>,Sulpiride,15676-16-1,approved; investigational,BGRJTUBHPOOWDU-UHFFFAOYSA-N,"InChI=1S/C15H23N3O4S/c1-3-18-8-4-5-11(18)10-17-15(19)13-9-12(23(16,20)21)6-7-14(13)22-2/h6-7,9,11H,3-5,8,10H2,1-2H3,(H,17,19)(H2,16,20,21)",CCN1CCCC1CNC(=O)C1=C(OC)C=CC(=C1)S(N)(=O)=O,C15H23N3O4S,,D01226,5355,46504855,32168,CHEMBL26,,5162,11638
<Element '{http://www.drugbank.ca}drugbank-id' at 0x7f1298606138>,Fencamfamine,1209-98-9,experimental; illicit; withdrawn,IKFBPFGUINLYQI-UHFFFAOYSA-N,"InChI=1S/C15H21N/c1-2-16-15-13-9-8-12(10-13)14(15)11-6-4-3-5-7-11/h3-7,12-16H,2,8-10H2,1H3",CCNC1C2CCC(C2)C1C1=CC=CC=C1,C15H21N,,,14584,46508161,134895,CHEMBL7010,,13922,
,,,,,,,,,,53399048,,,,,,
,,,,,,,,,,104742,,,,,,
,,,,,,,,,,1209,,,,,,
,,,,,,,,,,408895,,,,,,
,,,,,,,,,,161557,,,,,,
,,,,,,,,,,153751,,,,,,
,,,,,,,,,,440038,,,,,,
<Element '{http://www.drugbank.ca}drugbank-id' at 0x7f1239037c78>,Anisomycin,22862-76-6,experimental,YKJYKKNCCRKFSL-RDBSUJKOSA-N,"InChI=1S/C14H19NO4/c1-9(16)19-14-12(15-8-13(14)17)7-10-3-5-11(18-2)6-4-10/h3-6,12-15,17H,7-8H2,1-2H3/t12-,13+,14+/m1/s1",[H][C@]1(O)CN[C@]([H])(CC2=CC=C(OC)C=C2)[C@]1([H])OC(C)=O,C14H19NO4,C11281,,253602,99443845,338412,CHEMBL423192,ANM,222267,63919
,,,,,,,,,,9987061,,,,,,
,,,,,,,,,,11635,,,,,,
<Element '{http://www.drugbank.ca}drugbank-id' at 0x7f125ccc34f8>,Sofalcone,64506-49-6,investigational,GFWRVVCDTLRWPK-KPKJPENVSA-N,"InChI=1S/C27H30O6/c1-19(2)13-15-31-22-8-5-21(6-9-22)7-12-25(28)24-11-10-23(32-16-14-20(3)4)17-26(24)33-18-27(29)30/h5-14,17H,15-16,18H2,1-4H3,(H,29,30)/b12-7+",CC(C)=CCOC1=CC=C(\C=C\C(=O)C2=C(OCC(O)=O)C=C(OCC=C(C)C)C=C2)C=C1,C27H30O6,,,5282219,175426956,,CHEMBL1441961,,4445402,
,,,,,,,,,,1656,,,,,,
,,,,,,,,,,46184563,,,,,,
,,,,,,,,,,5312765,,,,,,
,,,,,,,,,,1232,,,,,,
,,,,,,,,,,69512,,,,,,
,,,,,,,,,,91195,,,,,,
,,,,,,,,,,2459,,,,,,
<Element '{http://www.drugbank.ca}drugbank-id' at 0x7f12d203f2c8>,Bethanechol,674-38-4,approved,NZUPCNDJBJXXRF-UHFFFAOYSA-O,"InChI=1S/C7H16N2O2/c1-6(11-7(8)10)5-9(2,3)4/h6H,5H2,1-4H3,(H-,8,10)/p+1",CC(C[N+](C)(C)C)OC(N)=O,C7H17N2O2,C06850,,2370,46507707,3084,CHEMBL1482,,2280,39342
,,,,,,,,,,16104907,,,,,,
<Element '{http://www.drugbank.ca}drugbank-id' at 0x7f12781b9b88>,Cardiolipin,,experimental,XVTUQDWPJJBEHJ-KZCWQMDCSA-N,"InChI=1S/C81H158O17P2/c1-5-9-13-17-21-25-29-33-37-41-45-49-53-57-61-65-78(83)91-71-76(97-80(85)67-63-59-55-51-47-43-39-35-31-27-23-19-15-11-7-3)73-95-99(87,88)93-69-75(82)70-94-100(89,90)96-74-77(98-81(86)68-64-60-56-52-48-44-40-36-32-28-24-20-16-12-8-4)72-92-79(84)66-62-58-54-50-46-42-38-34-30-26-22-18-14-10-6-2/h75-77,82H,5-74H2,1-4H3,(H,87,88)(H,89,90)/t76-,77-/m1/s1",CCCCCCCCCCCCCCCCCC(=O)OC[C@H](CO[P@@](O)(=O)OCC(O)CO[P@](O)(=O)OC[C@@H](COC(=O)CCCCCCCCCCCCCCCCC)OC(=O)CCCCCCCCCCCCCCCCC)OC(=O)CCCCCCCCCCCCCCCCC,C81H158O17P2,C05980,,449005,46507093,62861,,CDL,395642,
<Element '{http://www.drugbank.ca}drugbank-id' at 0x7f133df3cef8>,Sulpiride,15676-16-1,approved; investigational,BGRJTUBHPOOWDU-UHFFFAOYSA-N,"InChI=1S/C15H23N3O4S/c1-3-18-8-4-5-11(18)10-17-15(19)13-9-12(23(16,20)21)6-7-14(13)22-2/h6-7,9,11H,3-5,8,10H2,1-2H3,(H,17,19)(H2,16,20,21)",CCN1CCCC1CNC(=O)C1=C(OC)C=CC(=C1)S(N)(=O)=O,C15H23N3O4S,,D01226,5355,46504855,32168,CHEMBL26,,5162,11638
,,,,,,,,,,5281654,,,,,,
,,,,,,,,,,3246569,,,,,,
,,,,,,,,,,42948,,,,,,
,,,,,,,,,,9964357,,,,,,
,,,,,,,,,,9834591,,,,,,
,,,,,,,,,,23915,,,,,,
,,,,,,,,,,51224,,,,,,
<Element '{http://www.drugbank.ca}drugbank-id' at 0x7f1263b1a638>,Febuxostat,144060-53-7,approved,BQSJTQLCZDPROO-UHFFFAOYSA-N,"InChI=1S/C16H16N2O3S/c1-9(2)8-21-13-5-4-11(6-12(13)7-17)15-18-10(3)14(22-15)16(19)20/h4-6,9H,8H2,1-3H3,(H,19,20)",CC(C)COC1=C(C=C(C=C1)C1=NC(C)=C(S1)C(O)=O)C#N,C16H16N2O3S,,D01206,134018,310264854,31596,CHEMBL1164729,TEI,118173,50320491
,,,,,,,,,,287064,,,,,,
,,,,,,,,,,3035635,,,,,,
,,,,,,,,,,11600642,,,,,,
,,,,,,,,,,440038,,,,,,
,,,,,,,,,,558221,,,,,,
,,,,,,,,,,5283387,,,,,,
,,,,,,,,,,11006,,,,,,
,,,,,,,,,,71562195,,,,,,
,,,,,,,,,,447782,,,,,,
<Element '{http://www.drugbank.ca}drugbank-id' at 0x7f12fd4dec78>,Phenelzine,51-71-8,approved,RMUCZJUITONUFY-UHFFFAOYSA-N,"InChI=1S/C8H12N2/c9-10-7-6-8-4-2-1-3-5-8/h1-5,10H,6-7,9H2",NNCCC1=CC=CC=C1,C8H12N2,C07430,D08349,3675,46507348,8060,CHEMBL1089,,3547,50105417
,,,,,,,,,,340211,,,,,,
,,,,,,,,,,36095,,,,,,
,,,,,,,,,,6223,,,,,,
<Element '{http://www.drugbank.ca}drugbank-id' at 0x7f127e9c29f8>,Domoic Acid,14277-97-5,experimental,VZFRNCSOCOPNDB-AOKDLOFSSA-N,"InChI=1S/C15H21NO6/c1-8(4-3-5-9(2)14(19)20)11-7-16-13(15(21)22)10(11)6-12(17)18/h3-5,9-11,13,16H,6-7H2,1-2H3,(H,17,18)(H,19,20)(H,21,22)/b5-3+,8-4-/t9-,10+,11-,13+/m1/s1",[H]\C(\C(\[H])=C(\C)[C@@]1([H])CN[C@]([H])(C(O)=O)[C@@]1([H])CC(O)=O)=C(\[H])[C@@]([H])(C)C(O)=O,C15H21NO6,C13732,,5282253,46505755,34727,CHEMBL1232313,DOQ,4445428,
,,,,,,,,,,87279306,,,,,,
,,,,,,,,,,19065601,,,,,,
,,,,,,,,,,5311246,,,,,,
,,,,,,,,,,7276,,,,,,
,,,,,,,,,,2012,,,,,,
<Element '{http://www.drugbank.ca}drugbank-id' at 0x7f1288028e58>,"N,N-dimethylglycine",1118-68-9,experimental,FFDGPVCHZBVARC-UHFFFAOYSA-N,"InChI=1S/C4H9NO2/c1-5(2)3-4(6)7/h3H2,1-2H3,(H,6,7)",CN(C)CC(O)=O,C4H9NO2,C01026,,673,46507083,58251,,DMG,653,
,,,,,,,,,,37248,,,,,,
,,,,,,,,,,40828,,,,,,
,,,,,,,,,,71315856,,,,,,
,,,,,,,,,,3365422,,,,,,
,,,,,,,,,,6603977,,,,,,
,,,,,,,,,,131350,,,,,,
,,,,,,,,,,2545,,,,,,
,,,,,,,,,,242065,,,,,,
,,,,,,,,,,24766,,,,,,
,,,,,,,,,,3331970,,,,,,
,,,,,,,,,,108001,,,,,,
,,,,,,,,,,1894360,,,,,,
,,,,,,,,,,38024,,,,,,
,,,,,,,,,,2207,,,,,,
<Element '{http://www.drugbank.ca}drugbank-id' at 0x7f122d8dd228>,"6-[4-(2-piperidin-1-ylethoxy)phenyl]-3-pyridin-4-ylpyrazolo[1,5-a]pyrimidine",,experimental,XHBVYDAKJHETMP-UHFFFAOYSA-N,"InChI=1S/C24H25N5O/c1-2-12-28(13-3-1)14-15-30-22-6-4-19(5-7-22)21-16-26-24-23(17-27-29(24)18-21)20-8-10-25-11-9-20/h4-11,16-18H,1-3,12-15H2",C(CN1CCCCC1)OC1=CC=C(C=C1)C1=CN2N=CC(=C2N=C1)C1=CC=NC=C1,C24H25N5O,,,11524144,99445068,78510,CHEMBL478629,TAK,9698930,50262685
,,,,,,,,,,4972,,,,,,
<Element '{http://www.drugbank.ca}drugbank-id' at 0x7f13708b4098>,Glutamic Acid,56-86-0,approved; nutraceutical,WHUUTDBJXJRKMK-VKHMYHEASA-N,"InChI=1S/C5H9NO4/c6-3(5(9)10)1-2-4(7)8/h3H,1-2,6H2,(H,7,8)(H,9,10)/t3-/m0/s1",N[C@@H](CCC(O)=O)C(O)=O,C5H9NO4,C00025,D00007,33032,46505816,16015,CHEMBL575060,GGL,30572,17657
,,,,,,,,,,12699,,,,,,
<Element '{http://www.drugbank.ca}drugbank-id' at 0x7f11c193e6d8>,Theanine,3081-61-6,investigational,DATAGRPVKZEWHA-YFKPBYRVSA-N,"InChI=1S/C7H14N2O3/c1-2-9-6(10)4-3-5(8)7(11)12/h5H,2-4,8H2,1H3,(H,9,10)(H,11,12)/t5-/m0/s1",[H][C@](N)(CCC(O)=NCC)C(O)=O,C7H14N2O3,C01047,,439378,347828685,58128,CHEMBL3039113,85G,388498,
,,,,,,,,,,5038,,,,,,
,,,,,,,,,,11520587,,,,,,
,,,,,,,,,,290380,,,,,,
,,,,,,,,,,1732,,,,,,
<Element '{http://www.drugbank.ca}drugbank-id' at 0x7f11c7394d68>,Gadolinium,7440-54-2,approved; investigational,UIWYJDYFSGRHKR-UHFFFAOYSA-N,InChI=1S/Gd,[Gd],Gd,,,23982,347828395,33375,,GD,22418,
,,,,,,,,,,56841936,,,,,,
,,,,,,,,,,1233,,,,,,
,,,,,,,,,,5281771,,,,,,
,,,,,,,,,,24755482,,,,,,
,,,,,,,,,,159508,,,,,,
,,,,,,,,,,6360,,,,,,
<Element '{http://www.drugbank.ca}drugbank-id' at 0x7f13098c8548>,Naltrexone,16590-41-3,approved; investigational; vet_approved,DQCKKXVULJGBQN-XFWGSAIBSA-N,"InChI=1S/C20H23NO4/c22-13-4-3-12-9-15-20(24)6-5-14(23)18-19(20,16(12)17(13)25-18)7-8-21(15)10-11-1-2-11/h3-4,11,15,18,22,24H,1-2,5-10H2/t15-,18+,19+,20-/m1/s1",[H][C@@]12OC3=C(O)C=CC4=C3[C@@]11CCN(CC3CC3)[C@]([H])(C4)[C@]1(O)CCC2=O,C20H23NO4,C07253,D05113,5360515,46505333,7465,CHEMBL19019,,4514524,50000787
,,,,,,,,,,10591,,,,,,
,,,,,,,,,,5273755,,,,,,
,,,,,,,,,,71191,,,,,,
<Element '{http://www.drugbank.ca}drugbank-id' at 0x7f1298a89868>,Midomafetamine,42542-10-9,experimental; illicit; investigational,SHXWCVYOXRDMCX-UHFFFAOYSA-N,"InChI=1S/C11H15NO2/c1-8(12-2)5-9-3-4-10-11(6-9)14-7-13-10/h3-4,6,8,12H,5,7H2,1-2H3",CNC(C)CC1=CC2=C(OCO2)C=C1,C11H15NO2,C07577,,1615,46506404,1391,CHEMBL43048,,1556,50010588
,,,,,,,,,,134071,,,,,,
,,,,,,,,,,15667210,,,,,,
,,,,,,,,,,290380,,,,,,
,,,,,,,,,,19665,,,,,,
<Element '{http://www.drugbank.ca}drugbank-id' at 0x7f1287a20c78>,Glycochenodeoxycholic Acid,640-79-9,experimental,GHCZAUBVMUEKKP-GYPHWSFCSA-N,"InChI=1S/C26H43NO5/c1-15(4-7-22(30)27-14-23(31)32)18-5-6-19-24-20(9-11-26(18,19)3)25(2)10-8-17(28)12-16(25)13-21(24)29/h15-21,24,28-29H,4-14H2,1-3H3,(H,27,30)(H,31,32)/t15-,16+,17-,18-,19+,20+,21-,24+,25+,26-/m1/s1",C[C@H](CCC(=O)NCC(O)=O)[C@H]1CC[C@H]2[C@@H]3[C@H](O)C[C@@H]4C[C@H](O)CC[C@]4(C)[C@H]3CC[C@]12C,C26H43NO5,C05466,,12544,46506300,36274,CHEMBL1552,CHO,12027,50375590
,,,,,,,,,,5281617,,,,,,
,,,,,,,,,,637394,,,,,,
,,,,,,,,,,5497107,,,,,,
<Element '{http://www.drugbank.ca}drugbank-id' at 0x7f1223bd5908>,Canagliflozin,842133-18-0,approved,XTNGUQKDFGDXSJ-ZXGKGEBGSA-N,"InChI=1S/C24H25FO5S/c1-13-2-3-15(24-23(29)22(28)21(27)19(12-26)30-24)10-16(13)11-18-8-9-20(31-18)14-4-6-17(25)7-5-14/h2-10,19,21-24,26-29H,11-12H2,1H3/t19-,21-,22+,23-,24+/m1/s1",[H][C@]1(O[C@H](CO)[C@@H](O)[C@H](O)[C@H]1O)C1=CC=C(C)C(CC2=CC=C(S2)C2=CC=C(F)C=C2)=C1,C24H25FO5S,,D09592,24812758,175427146,73274,CHEMBL2048484,,26333259,50386885
,,,,,,,,,,6053,,,,,,
,,,,,,,,,,83606,,,,,,
,,,,,,,,,,158796,,,,,,
,,,,,,,,,,3036154,,,,,,
,,,,,,,,,,860,,,,,,
,,,,,,,,,,1233,,,,,,
<Element '{http://www.drugbank.ca}drugbank-id' at 0x7f122a4163b8>,Dichloroacetic Acid,79-43-6,approved; investigational,JXTHNDFMNIQAHM-UHFFFAOYSA-N,"InChI=1S/C2H2Cl2O2/c3-1(4)2(5)6/h1H,(H,5,6)",OC(=O)C(Cl)Cl,C2H2Cl2O2,C11149,,6597,175427097,36386,CHEMBL13960,TF4,10771217,227588
,,,,,,,,,,161784,,,,,,
,,,,,,,,,,134071,,,,,,
<Element '{http://www.drugbank.ca}drugbank-id' at 0x7f13756c7368>,Abarelix,183552-38-7,approved; investigational; withdrawn,AIWRTTMUVOZGPW-HSPKUQOVSA-N,"InChI=1S/C72H95ClN14O14/c1-41(2)32-54(64(93)80-53(17-10-11-30-77-42(3)4)72(101)87-31-13-18-60(87)69(98)78-43(5)63(75)92)81-68(97)58(38-62(74)91)84-70(99)61(37-46-22-27-52(90)28-23-46)86(7)71(100)59(40-88)85-67(96)57(36-48-14-12-29-76-39-48)83-66(95)56(34-45-20-25-51(73)26-21-45)82-65(94)55(79-44(6)89)35-47-19-24-49-15-8-9-16-50(49)33-47/h8-9,12,14-16,19-29,33,39,41-43,53-61,77,88,90H,10-11,13,17-18,30-32,34-38,40H2,1-7H3,(H2,74,91)(H2,75,92)(H,78,98)(H,79,89)(H,80,93)(H,81,97)(H,82,94)(H,83,95)(H,84,99)(H,85,96)/t43-,53+,54+,55-,56-,57-,58-,59+,60+,61+/m1/s1",CC(C)C[C@H](NC(=O)[C@@H](CC(N)=O)NC(=O)[C@H](CC1=CC=C(O)C=C1)N(C)C(=O)[C@H](CO)NC(=O)[C@@H](CC1=CN=CC=C1)NC(=O)[C@@H](CC1=CC=C(Cl)C=C1)NC(=O)[C@@H](CC1=CC2=C(C=CC=C2)C=C1)NC(C)=O)C(=O)N[C@@H](CCCCNC(C)C)C(=O)N1CCC[C@H]1C(=O)N[C@H](C)C(N)=O,C72H95ClN14O14,,D02738,16131215,46508237,337298,CHEMBL1252,,10482301,50102442
,,,,,,,,,,3910,,,,,,
,,,,,,,,,,161784,,,,,,
,,,,,,,,,,3150,,,,,,
<Element '{http://www.drugbank.ca}drugbank-id' at 0x7f1253d2af98>,Pentaerythritol tetranitrate,78-11-5,approved,TZRXHJWUDPFEEY-UHFFFAOYSA-N,"InChI=1S/C5H8N4O12/c10-6(11)18-1-5(2-19-7(12)13,3-20-8(14)15)4-21-9(16)17/h1-4H2",[O-][N+](=O)OCC(CO[N+]([O-])=O)(CO[N+]([O-])=O)CO[N+]([O-])=O,C5H8N4O12,,D01721,6518,347827759,25879,CHEMBL466659,,6271,
,,,,,,,,,,24762199,,,,,,
<Element '{http://www.drugbank.ca}drugbank-id' at 0x7f1263b1a638>,Febuxostat,144060-53-7,approved,BQSJTQLCZDPROO-UHFFFAOYSA-N,"InChI=1S/C16H16N2O3S/c1-9(2)8-21-13-5-4-11(6-12(13)7-17)15-18-10(3)14(22-15)16(19)20/h4-6,9H,8H2,1-3H3,(H,19,20)",CC(C)COC1=C(C=C(C=C1)C1=NC(C)=C(S1)C(O)=O)C#N,C16H16N2O3S,,D01206,134018,310264854,31596,CHEMBL1164729,TEI,118173,50320491
<Element '{http://www.drugbank.ca}drugbank-id' at 0x7f131e6724a8>,Clonidine,4205-90-7,approved,GJSURZIOUXUGAL-UHFFFAOYSA-N,"InChI=1S/C9H9Cl2N3/c10-6-2-1-3-7(11)8(6)14-9-12-4-5-13-9/h1-3H,4-5H2,(H2,12,13,14)",ClC1=CC=CC(Cl)=C1NC1=NCCN1,C9H9Cl2N3,,D00281,2803,46508119,46632,CHEMBL134,CLU,2701,14062
,,,,,,,,,,656486,,,,,,
,,,,,,,,,,44580018,,,,,,
,,,,,,,,,,42742,,,,,,
,,,,,,,,,,56603740,,,,,,
,,,,,,,,,,667467,,,,,,
,,,,,,,,,,2876,,,,,,
,,,,,,,,,,1232,,,,,,
,,,,,,,,,,128016,,,,,,
<Element '{http://www.drugbank.ca}drugbank-id' at 0x7f11be54d778>,Bardoxolone,218600-44-3,investigational,TXGZJQLMVSIZEI-UQMAOPSPSA-N,"InChI=1S/C31H41NO4/c1-26(2)10-12-31(25(35)36)13-11-30(7)23(19(31)16-26)20(33)14-22-28(5)15-18(17-32)24(34)27(3,4)21(28)8-9-29(22,30)6/h14-15,19,21,23H,8-13,16H2,1-7H3,(H,35,36)/t19-,21-,23-,28-,29+,30+,31-/m0/s1",CC1(C)CC[C@@]2(CC[C@]3(C)[C@@H]([C@@H]2C1)C(=O)C=C1[C@@]2(C)C=C(C#N)C(=O)C(C)(C)[C@@H]2CC[C@@]31C)C(O)=O,C31H41NO4,,,400010,347828858,,CHEMBL1093059,,354529,
,,,,,,,,,,11966249,,,,,,
,,,,,,,,,,4273754,,,,,,
,,,,,,,,,,1310,,,,,,
<Element '{http://www.drugbank.ca}drugbank-id' at 0x7f12d203f2c8>,Bethanechol,674-38-4,approved,NZUPCNDJBJXXRF-UHFFFAOYSA-O,"InChI=1S/C7H16N2O2/c1-6(11-7(8)10)5-9(2,3)4/h6H,5H2,1-4H3,(H-,8,10)/p+1",CC(C[N+](C)(C)C)OC(N)=O,C7H17N2O2,C06850,,2370,46507707,3084,CHEMBL1482,,2280,39342
,,,,,,,,,,11158353,,,,,,
,,,,,,,,,,24846128,,,,,,
,,,,,,,,,,59239114,,,,,,
,,,,,,,,,,3084046,,,,,,
,,,,,,,,,,9857255,,,,,,
,,,,,,,,,,5249,,,,,,
,,,,,,,,,,4364,,,,,,
,,,,,,,,,,6536812,,,,,,
,,,,,,,,,,4553,,,,,,
,,,,,,,,,,6618,,,,,,
,,,,,,,,,,71191,,,,,,
,,,,,,,,,,3586141,,,,,,
,,,,,,,,,,637394,,,,,,
<Element '{http://www.drugbank.ca}drugbank-id' at 0x7f135ac55368>,Metoprolol,51384-51-1,approved; investigational,IUBSYMUCCVWXPE-UHFFFAOYSA-N,"InChI=1S/C15H25NO3/c1-12(2)16-10-14(17)11-19-15-6-4-13(5-7-15)8-9-18-3/h4-7,12,14,16-17H,8-11H2,1-3H3",COCCC1=CC=C(OCC(O)CNC(C)C)C=C1,C15H25NO3,C07202,D02358,4171,46506211,6904,CHEMBL13,,4027,25756
,,,,,,,,,,65238,,,,,,
,,,,,,,,,,5470187,,,,,,
,,,,,,,,,,439177,,,,,,
,,,,,,,,,,124219,,,,,,
<Element '{http://www.drugbank.ca}drugbank-id' at 0x7f1237efba48>,(2R)-N-[(2R)-2-(DIHYDROXYBORYL)-1-L-PROLYLPYRROLIDIN-2-YL]-N-[(5R)-5-(DIHYDROXYBORYL)-1-L-PROLYLPYRROLIDIN-2-YL]-L-PROLINAMIDE,,experimental,XSBZZZGVAIXJLD-YUMQZZPRSA-N,"InChI=1S/C9H17BN2O3/c13-9(7-3-1-5-11-7)12-6-2-4-8(12)10(14)15/h7-8,11,14-15H,1-6H2/t7-,8-/m0/s1",[H][C@]1(CCCN1C(=O)[C@]1([H])CCCN1)B(O)O,C9H17BN2O3,,,10198228,99443953,41285,CHEMBL63895,BPR,8373728,50050521
,,,,,,,,,,4812,,,,,,
<Element '{http://www.drugbank.ca}drugbank-id' at 0x7f12efb72c78>,Aminolevulinic acid,106-60-5,approved,ZGXJTSGNIOSYLO-UHFFFAOYSA-N,"InChI=1S/C5H9NO3/c6-3-4(7)1-2-5(8)9/h1-3,6H2,(H,8,9)",NCC(=O)CCC(O)=O,C5H9NO3,C00430,,137,46506856,17549,CHEMBL601,,134,50240386
,,,,,,,,,,3645619,,,,,,
,,,,,,,,,,59239114,,,,,,
,,,,,,,,,,64981,,,,,,
<Element '{http://www.drugbank.ca}drugbank-id' at 0x7f129ecdf688>,Danazol,17230-88-5,approved,POZRVZJJTULAOH-LHZXLZLDSA-N,"InChI=1S/C22H27NO2/c1-4-22(24)10-8-18-16-6-5-15-11-19-14(13-23-25-19)12-20(15,2)17(16)7-9-21(18,22)3/h1,11,13,16-18,24H,5-10,12H2,2-3H3/t16-,17+,18+,20+,21+,22+/m1/s1",[H][C@@]12CC[C@@](O)(C#C)[C@@]1(C)CC[C@@]1([H])[C@@]2([H])CCC2=CC3=C(C[C@]12C)C=NO3,C22H27NO2,,D00289,28417,46506475,4315,CHEMBL1479,,26436,50423541
,,,,,,,,,,114739,,,,,,
,,,,,,,,,,11228183,,,,,,
,,,,,,,,,,1352,,,,,,
<Element '{http://www.drugbank.ca}drugbank-id' at 0x7f127fbeadb8>,Ethylmercurithiosalicylic acid,148-61-8,experimental,HXQVQGWHFRNKMS-UHFFFAOYSA-M,"InChI=1S/C7H6O2S.C2H5.Hg/c8-7(9)5-3-1-2-4-6(5)10;1-2;/h1-4,10H,(H,8,9);1H2,2H3;/q;;+1/p-1",CC[Hg]SC1=CC=CC=C1C(O)=O,C9H10HgO2S,,,67361,46506518,33214,,EMT,60691,50366032
,,,,,,,,,,3016734,,,,,,
,,,,,,,,,,5280506,,,,,,
,,,,,,,,,,5618,,,,,,
,,,,,,,,,,24154,,,,,,
,,,,,,,,,,100184,,,,,,
,,,,,,,,,,77319,,,,,,
,,,,,,,,,,9808022,,,,,,
,,,,,,,,,,439177,,,,,,
,,,,,,,,,,42948,,,,,,
,,,,,,,,,,87379454,,,,,,
<Element '{http://www.drugbank.ca}drugbank-id' at 0x7f135aff0408>,Carmustine,154-93-8,approved; investigational,DLGOEMSEDOSKAD-UHFFFAOYSA-N,"InChI=1S/C5H9Cl2N3O2/c6-1-3-8-5(11)10(9-12)4-2-7/h1-4H2,(H,8,11)",ClCCNC(=O)N(CCCl)N=O,C5H9Cl2N3O2,C06873,D00254,2578,46506980,3423,CHEMBL513,,2480,50015950
,,,,,,,,,,251,,,,,,
<Element '{http://www.drugbank.ca}drugbank-id' at 0x7f11cd304e58>,Mocetinostat,726169-73-9,investigational,HRNLUBSXIHFDHP-UHFFFAOYSA-N,"InChI=1S/C23H20N6O/c24-19-5-1-2-6-21(19)28-22(30)17-9-7-16(8-10-17)14-27-23-26-13-11-20(29-23)18-4-3-12-25-15-18/h1-13,15H,14,24H2,(H,28,30)(H,26,27,29)",NC1=CC=CC=C1NC(=O)C1=CC=C(CNC2=NC=CC(=N2)C2=CC=CN=C2)C=C1,C23H20N6O,,,9865515,347828176,94525,CHEMBL272980,,8041206,24624
,,,,,,,,,,9825540,,,,,,
,,,,,,,,,,9817980,,,,,,
,,,,,,,,,,5650,,,,,,
,,,,,,,,,,28558,,,,,,
,,,,,,,,,,5358116,,,,,,
,,,,,,,,,,37248,,,,,,
,,,,,,,,,,340211,,,,,,
<Element '{http://www.drugbank.ca}drugbank-id' at 0x7f122d8dd228>,"6-[4-(2-piperidin-1-ylethoxy)phenyl]-3-pyridin-4-ylpyrazolo[1,5-a]pyrimidine",,experimental,XHBVYDAKJHETMP-UHFFFAOYSA-N,"InChI=1S/C24H25N5O/c1-2-12-28(13-3-1)14-15-30-22-6-4-19(5-7-22)21-16-26-24-23(17-27-29(24)18-21)20-8-10-25-11-9-20/h4-11,16-18H,1-3,12-15H2",C(CN1CCCCC1)OC1=CC=C(C=C1)C1=CN2N=CC(=C2N=C1)C1=CC=NC=C1,C24H25N5O,,,11524144,99445068,78510,CHEMBL478629,TAK,9698930,50262685
,,,,,,,,,,1414,,,,,,
,,,,,,,,,,8830,,,,,,
,,,,,,,,,,24480,,,,,,
,,,,,,,,,,2866,,,,,,
,,,,,,,,,,637858,,,,,,
,,,,,,,,,,5618,,,,,,
<Element '{http://www.drugbank.ca}drugbank-id' at 0x7f132d605a48>,Buspirone,36505-84-7,approved; investigational,QWCRAEMEVRGPNT-UHFFFAOYSA-N,"InChI=1S/C21H31N5O2/c27-18-16-21(6-1-2-7-21)17-19(28)26(18)11-4-3-10-24-12-14-25(15-13-24)20-22-8-5-9-23-20/h5,8-9H,1-4,6-7,10-17H2",O=C1CC2(CCCC2)CC(=O)N1CCCCN1CCN(CC1)C1=NC=CC=N1,C21H31N5O2,C06861,,2477,46508113,3223,CHEMBL49,,2383,50001859
,,,,,,,,,,447782,,,,,,
,,,,,,,,,,11725801,,,,,,
,,,,,,,,,,3365422,,,,,,
<Element '{http://www.drugbank.ca}drugbank-id' at 0x7f11ba102a98>,Acteoside,61276-17-3,investigational,FBSKJMQYURKNSU-ZLSOWSIRSA-N,"InChI=1S/C29H36O15/c1-13-22(36)23(37)24(38)29(41-13)44-27-25(39)28(40-9-8-15-3-6-17(32)19(34)11-15)42-20(12-30)26(27)43-21(35)7-4-14-2-5-16(31)18(33)10-14/h2-7,10-11,13,20,22-34,36-39H,8-9,12H2,1H3/b7-4+/t13-,20+,22-,23+,24+,25+,26+,27+,28+,29-/m0/s1",C[C@@H]1O[C@@H](O[C@@H]2[C@@H](O)[C@H](OCCC3=CC(O)=C(O)C=C3)O[C@H](CO)[C@H]2OC(=O)\C=C\C2=CC(O)=C(O)C=C2)[C@H](O)[C@H](O)[C@H]1O,C29H36O15,C10501,,5281800,347829133,132853,CHEMBL444478,,4445112,50241867
,,,,,,,,,,24755482,,,,,,
,,,,,,,,,,73755113,,,,,,
,,,,,,,,,,2008,,,,,,
,,,,,,,,,,6918876,,,,,,
,,,,,,,,,,105035,,,,,,
<Element '{http://www.drugbank.ca}drugbank-id' at 0x7f1312cae1d8>,Dyclonine,586-60-7,approved,BZEWSEKUUPWQDQ-UHFFFAOYSA-N,"InChI=1S/C18H27NO2/c1-2-3-15-21-17-9-7-16(8-10-17)18(20)11-14-19-12-5-4-6-13-19/h7-10H,2-6,11-15H2,1H3",CCCCOC1=CC=C(C=C1)C(=O)CCN1CCCCC1,C18H27NO2,C07881,,3180,46506697,4724,CHEMBL1201217,,3068,
,,,,,,,,,,24180710,,,,,,
<Element '{http://www.drugbank.ca}drugbank-id' at 0x7f12c590cb38>,Iloprost,78919-13-8,approved; investigational,HIFJCPQKFCZDDL-ACWOEMLNSA-N,"InChI=1S/C22H32O4/c1-3-4-7-15(2)20(23)11-10-18-19-13-16(8-5-6-9-22(25)26)12-17(19)14-21(18)24/h8,10-11,15,17-21,23-24H,5-7,9,12-14H2,1-2H3,(H,25,26)/b11-10+,16-8+/t15?,17-,18+,19-,20+,21+/m0/s1",[H][C@]12C[C@@H](O)[C@H](\C=C\[C@@H](O)C(C)CC#CC)[C@@]1([H])C\C(C2)=C\CCCC(O)=O,C22H32O4,,,5311181,46507818,63916,CHEMBL494,,4470703,23954
,,,,,,,,,,24425,,,,,,
<Element '{http://www.drugbank.ca}drugbank-id' at 0x7f13723b9408>,L-Aspartic Acid,56-84-8,approved; nutraceutical,CKLJMWTZIZZHCS-REOHCLBHSA-N,"InChI=1S/C4H7NO4/c5-2(4(8)9)1-3(6)7/h2H,1,5H2,(H,6,7)(H,8,9)/t2-/m0/s1",N[C@@H](CC(O)=O)C(O)=O,C4H7NO4,C00049,D00013,5960,46507997,17053,CHEMBL274323,IAS,5745,18125
,,,,,,,,,,19777023,,,,,,
<Element '{http://www.drugbank.ca}drugbank-id' at 0x7f127bf92f48>,scyllo-inositol,488-59-5,investigational,CDAISMWEOUEBRE-CDRYSYESSA-N,"InChI=1S/C6H12O6/c7-1-2(8)4(10)6(12)5(11)3(1)9/h1-12H/t1-,2-,3+,4+,5-,6-",O[C@H]1[C@H](O)[C@@H](O)[C@H](O)[C@@H](O)[C@@H]1O,C6H12O6,C06153,,892,46505198,10642,CHEMBL468154,2H3,10254646,
,,,,,,,,,,2199,,,,,,
,,,,,,,,,,5280885,,,,,,
<Element '{http://www.drugbank.ca}drugbank-id' at 0x7f12224b6e08>,Amperozide,75558-90-6,experimental,NNAIYOXJNVGUOM-UHFFFAOYSA-N,"InChI=1S/C23H29F2N3O/c1-2-26-23(29)28-16-14-27(15-17-28)13-3-4-22(18-5-9-20(24)10-6-18)19-7-11-21(25)12-8-19/h5-12,22H,2-4,13-17H2,1H3,(H,26,29)",[H]N(CC)C(=O)N1CCN(CCCC(C2=CC=C(F)C=C2)C2=CC=C(F)C=C2)CC1,C23H29F2N3O,,,73333,175427159,92913,CHEMBL1079935,,66062,50311786
,,,,,,,,,,9815559,,,,,,
,,,,,,,,,,86664385,,,,,,
,,,,,,,,,,115114,,,,,,
,,,,,,,,,,877,,,,,,
<Element '{http://www.drugbank.ca}drugbank-id' at 0x7f12eae03868>,Isosorbide dinitrate,87-33-2,approved; investigational,MOYKHGMNXAOIAT-JGWLITMVSA-N,"InChI=1S/C6H8N2O8/c9-7(10)15-3-1-13-6-4(16-8(11)12)2-14-5(3)6/h3-6H,1-2H2/t3-,4+,5-,6-/m1/s1",[H][C@]12OC[C@H](O[N+]([O-])=O)[C@@]1([H])OC[C@H]2O[N+]([O-])=O,C6H8N2O8,C07456,D00516,6883,46506412,6061,CHEMBL6622,,6619,
<Element '{http://www.drugbank.ca}drugbank-id' at 0x7f131d3eb048>,Levocarnitine,541-15-1,approved; investigational,PHIQHXFUZVPYII-ZCFIWIBFSA-N,"InChI=1S/C7H15NO3/c1-8(2,3)5-6(9)4-7(10)11/h6,9H,4-5H2,1-3H3/t6-/m1/s1",C[N+](C)(C)C[C@H](O)CC([O-])=O,C7H15NO3,C00318,D02176,10917,46505864,16347,CHEMBL1149,,10455,50037268
,,,,,,,,,,56841897,,,,,,
<Element '{http://www.drugbank.ca}drugbank-id' at 0x7f11c31ea958>,Cantharidin,56-25-7,approved; investigational,DHZBEENLJMYSHQ-XCVPVQRUSA-N,"InChI=1S/C10H12O4/c1-9-5-3-4-6(13-5)10(9,2)8(12)14-7(9)11/h5-6H,3-4H2,1-2H3/t5-,6+,9+,10-",[H][C@]12CC[C@]([H])(O1)[C@]1(C)C(=O)OC(=O)[C@]21C,C10H12O4,C16778,,5944,347828590,64213,CHEMBL48449,,5731,50090505
,,,,,,,,,,54313,,,,,,
<Element '{http://www.drugbank.ca}drugbank-id' at 0x7f12fd4dec78>,Phenelzine,51-71-8,approved,RMUCZJUITONUFY-UHFFFAOYSA-N,"InChI=1S/C8H12N2/c9-10-7-6-8-4-2-1-3-5-8/h1-5,10H,6-7,9H2",NNCCC1=CC=CC=C1,C8H12N2,C07430,D08349,3675,46507348,8060,CHEMBL1089,,3547,50105417
,,,,,,,,,,16104907,,,,,,
,,,,,,,,,,23915,,,,,,
,,,,,,,,,,65238,,,,,,
,,,,,,,,,,29539,,,,,,
,,,,,,,,,,74493,,,,,,
,,,,,,,,,,92398,,,,,,
,,,,,,,,,,16738692,,,,,,
,,,,,,,,,,9732,,,,,,
<Element '{http://www.drugbank.ca}drugbank-id' at 0x7f1369e68b88>,Valsartan,137862-53-4,approved; investigational,ACWBQPMHZXGDFX-QFIPXVFZSA-N,"InChI=1S/C24H29N5O3/c1-4-5-10-21(30)29(22(16(2)3)24(31)32)15-17-11-13-18(14-12-17)19-8-6-7-9-20(19)23-25-27-28-26-23/h6-9,11-14,16,22H,4-5,10,15H2,1-3H3,(H,31,32)(H,25,26,27,28)/t22-/m0/s1",CCCCC(=O)N(CC1=CC=C(C=C1)C1=CC=CC=C1C1=NNN=N1)[C@@H](C(C)C)C(O)=O,C24H29N5O3,,D00400,60846,46509000,9927,CHEMBL1069,,54833,50049186
<Element '{http://www.drugbank.ca}drugbank-id' at 0x7f12d92e6db8>,Formoterol,73573-87-2,approved; investigational,BPZSYCZIITTYBL-UHFFFAOYSA-N,"InChI=1S/C19H24N2O4/c1-13(9-14-3-6-16(25-2)7-4-14)20-11-19(24)15-5-8-18(23)17(10-15)21-12-22/h3-8,10,12-13,19-20,23-24H,9,11H2,1-2H3,(H,21,22)",COC1=CC=C(CC(C)NCC(O)C2=CC(NC=O)=C(O)C=C2)C=C1,C19H24N2O4,C07805,,3410,46507099,63082,CHEMBL1256786,,3292,86453
,,,,,,,,,,2937,,,,,,
,,,,,,,,,,9577953,,,,,,
,,,,,,,,,,156665,,,,,,
,,,,,,,,,,5976,,,,,,
<Element '{http://www.drugbank.ca}drugbank-id' at 0x7f11bfacedb8>,Idazoxan,79944-58-4,investigational,HPMRFMKYPGXPEP-UHFFFAOYSA-N,"InChI=1S/C11H12N2O2/c1-2-4-9-8(3-1)14-7-10(15-9)11-12-5-6-13-11/h1-4,10H,5-7H2,(H,12,13)",C1CN=C(N1)C1COC2=CC=CC=C2O1,C11H12N2O2,C10968,,54459,347828776,5862,CHEMBL10316,,49184,50019848
,,,,,,,,,,9868580,,,,,,
<Element '{http://www.drugbank.ca}drugbank-id' at 0x7f127d194818>,Cacodylic acid,75-60-5,experimental,OGGXGZAMXPVRFZ-UHFFFAOYSA-N,"InChI=1S/C2H7AsO2/c1-3(2,4)5/h1-2H3,(H,4,5)",C[As](C)(O)=O,C2H7AsO2,C07308,,2513,46507712,48765,CHEMBL1231644,CAD,2418,
<Element '{http://www.drugbank.ca}drugbank-id' at 0x7f12d1ede958>,Isosorbide Mononitrate,16051-77-7,approved,YWXYYJSYQOXTPL-SLPGGIOYSA-N,"InChI=1S/C6H9NO6/c8-3-1-11-6-4(13-7(9)10)2-12-5(3)6/h3-6,8H,1-2H2/t3-,4+,5+,6+/m0/s1",[H][C@]12OC[C@@H](O[N+]([O-])=O)[C@@]1([H])OC[C@@H]2O,C6H9NO6,C07714,D00630,27661,46506594,6062,CHEMBL1311,,25736,
<Element '{http://www.drugbank.ca}drugbank-id' at 0x7f11cca9dc28>,Etiracetam,33996-58-6,investigational,HPHUVLMMVZITSG-UHFFFAOYSA-N,"InChI=1S/C8H14N2O2/c1-2-6(8(9)12)10-5-3-4-7(10)11/h6H,2-5H2,1H3,(H2,9,12)",CCC(N1CCCC1=O)C(O)=N,C8H14N2O2,,,59708,347828205,,CHEMBL1400561,,53863,
,,,,,,,,,,73592,,,,,,
,,,,,,,,,,56841897,,,,,,
<Element '{http://www.drugbank.ca}drugbank-id' at 0x7f122a4163b8>,Dichloroacetic Acid,79-43-6,approved; investigational,JXTHNDFMNIQAHM-UHFFFAOYSA-N,"InChI=1S/C2H2Cl2O2/c3-1(4)2(5)6/h1H,(H,5,6)",OC(=O)C(Cl)Cl,C2H2Cl2O2,C11149,,6597,175427097,36386,CHEMBL13960,TF4,10771217,227588
,,,,,,,,,,6434544,,,,,,
,,,,,,,,,,125105,,,,,,
<Element '{http://www.drugbank.ca}drugbank-id' at 0x7f11bae58c28>,GET-73,202402-01-5,investigational,QLZOWJNFLXSDSH-UHFFFAOYSA-N,"InChI=1S/C13H16F3NO2/c1-19-8-2-3-12(18)17-9-10-4-6-11(7-5-10)13(14,15)16/h4-7H,2-3,8-9H2,1H3,(H,17,18)",COCCCC(=O)NCC1=CC=C(C=C1)C(F)(F)F,C13H16F3NO2,,,10221200,347829073,,,,8396692,
<Element '{http://www.drugbank.ca}drugbank-id' at 0x7f134925d778>,Atenolol,29122-68-7,approved,METKIMKYRPQLGS-UHFFFAOYSA-N,"InChI=1S/C14H22N2O3/c1-10(2)16-8-12(17)9-19-13-5-3-11(4-6-13)7-14(15)18/h3-6,10,12,16-17H,7-9H2,1-2H3,(H2,15,18)",CC(C)NCC(O)COC1=CC=C(CC(N)=O)C=C1,C14H22N2O3,,D00235,2249,46506915,2904,CHEMBL24,,2162,25753
,,,,,,,,,,11445168,,,,,,
,,,,,,,,,,768,,,,,,
,,,,,,,,,,38024,,,,,,
,,,,,,,,,,5311246,,,,,,
,,,,,,,,,,1574,,,,,,
,,,,,,,,,,114739,,,,,,
,,,,,,,,,,35319,,,,,,
,,,,,,,,,,16750127,,,,,,
<Element '{http://www.drugbank.ca}drugbank-id' at 0x7f1335faf818>,Trimethoprim,738-70-5,approved; vet_approved,IEDVJHCEMCRBQM-UHFFFAOYSA-N,"InChI=1S/C14H18N4O3/c1-19-10-5-8(6-11(20-2)12(10)21-3)4-9-7-17-14(16)18-13(9)15/h5-7H,4H2,1-3H3,(H4,15,16,17,18)",COC1=CC(CC2=CN=C(N)N=C2N)=CC(OC)=C1OC,C14H18N4O3,C01965,D00145,5578,46507125,45924,CHEMBL22,TOP,5376,18069
,,,,,,,,,,6169,,,,,,
,,,,,,,,,,15667210,,,,,,
,,,,,,,,,,135235,,,,,,
,,,,,,,,,,5040205,,,,,,
,,,,,,,,,,24425,,,,,,
,,,,,,,,,,157350,,,,,,
,,,,,,,,,,5280483,,,,,,
,,,,,,,,,,9732,,,,,,
,,,,,,,,,,56603740,,,,,,
,,,,,,,,,,3645619,,,,,,
,,,,,,,,,,5722,,,,,,
<Element '{http://www.drugbank.ca}drugbank-id' at 0x7f132d605a48>,Buspirone,36505-84-7,approved; investigational,QWCRAEMEVRGPNT-UHFFFAOYSA-N,"InChI=1S/C21H31N5O2/c27-18-16-21(6-1-2-7-21)17-19(28)26(18)11-4-3-10-24-12-14-25(15-13-24)20-22-8-5-9-23-20/h5,8-9H,1-4,6-7,10-17H2",O=C1CC2(CCCC2)CC(=O)N1CCCCN1CCN(CC1)C1=NC=CC=N1,C21H31N5O2,C06861,,2477,46508113,3223,CHEMBL49,,2383,50001859
,,,,,,,,,,91754599,,,,,,
<Element '{http://www.drugbank.ca}drugbank-id' at 0x7f131e6724a8>,Clonidine,4205-90-7,approved,GJSURZIOUXUGAL-UHFFFAOYSA-N,"InChI=1S/C9H9Cl2N3/c10-6-2-1-3-7(11)8(6)14-9-12-4-5-13-9/h1-3H,4-5H2,(H2,12,13,14)",ClC1=CC=CC(Cl)=C1NC1=NCCN1,C9H9Cl2N3,,D00281,2803,46508119,46632,CHEMBL134,CLU,2701,14062
,,,,,,,,,,5283314,,,,,,
,,,,,,,,,,14180,,,,,,
,,,,,,,,,,5483658,,,,,,
,,,,,,,,,,5462471,,,,,,
<Element '{http://www.drugbank.ca}drugbank-id' at 0x7f12efb72c78>,Aminolevulinic acid,106-60-5,approved,ZGXJTSGNIOSYLO-UHFFFAOYSA-N,"InChI=1S/C5H9NO3/c6-3-4(7)1-2-5(8)9/h1-3,6H2,(H,8,9)",NCC(=O)CCC(O)=O,C5H9NO3,C00430,,137,46506856,17549,CHEMBL601,,134,50240386
<Element '{http://www.drugbank.ca}drugbank-id' at 0x7f126e9ee188>,Citric Acid,77-92-9,approved; nutraceutical; vet_approved,KRKNYBCHXYNGOX-UHFFFAOYSA-N,"InChI=1S/C6H8O7/c7-3(8)1-6(13,5(11)12)2-4(9)10/h13H,1-2H2,(H,7,8)(H,9,10)(H,11,12)",OC(=O)CC(O)(CC(O)=O)C(O)=O,C6H8O7,C00158,D00037,311,46508995,30769,CHEMBL1261,CIT,305,14672
,,,,,,,,,,6437867,,,,,,
,,,,,,,,,,11698643,,,,,,
,,,,,,,,,,12699,,,,,,
,,,,,,,,,,5589,,,,,,
,,,,,,,,,,40828,,,,,,
,,,,,,,,,,7189,,,,,,
,,,,,,,,,,55480,,,,,,
,,,,,,,,,,32800,,,,,,
,,,,,,,,,,309160,,,,,,
,,,,,,,,,,1656,,,,,,
,,,,,,,,,,2349,,,,,,
<Element '{http://www.drugbank.ca}drugbank-id' at 0x7f12d2da37c8>,Glyburide,10238-21-8,approved,ZNNLBTZKUZBEKO-UHFFFAOYSA-N,"InChI=1S/C23H28ClN3O5S/c1-32-21-12-9-17(24)15-20(21)22(28)25-14-13-16-7-10-19(11-8-16)33(30,31)27-23(29)26-18-5-3-2-4-6-18/h7-12,15,18H,2-6,13-14H2,1H3,(H,25,28)(H2,26,27,29)",COC1=C(C=C(Cl)C=C1)C(=O)NCCC1=CC=C(C=C1)S(=O)(=O)NC(=O)NC1CCCCC1,C23H28ClN3O5S,C07022,D00336,3488,46509154,5441,CHEMBL472,GBM,3368,50012957
,,,,,,,,,,1599,,,,,,
<Element '{http://www.drugbank.ca}drugbank-id' at 0x7f13756c7368>,Abarelix,183552-38-7,approved; investigational; withdrawn,AIWRTTMUVOZGPW-HSPKUQOVSA-N,"InChI=1S/C72H95ClN14O14/c1-41(2)32-54(64(93)80-53(17-10-11-30-77-42(3)4)72(101)87-31-13-18-60(87)69(98)78-43(5)63(75)92)81-68(97)58(38-62(74)91)84-70(99)61(37-46-22-27-52(90)28-23-46)86(7)71(100)59(40-88)85-67(96)57(36-48-14-12-29-76-39-48)83-66(95)56(34-45-20-25-51(73)26-21-45)82-65(94)55(79-44(6)89)35-47-19-24-49-15-8-9-16-50(49)33-47/h8-9,12,14-16,19-29,33,39,41-43,53-61,77,88,90H,10-11,13,17-18,30-32,34-38,40H2,1-7H3,(H2,74,91)(H2,75,92)(H,78,98)(H,79,89)(H,80,93)(H,81,97)(H,82,94)(H,83,95)(H,84,99)(H,85,96)/t43-,53+,54+,55-,56-,57-,58-,59+,60+,61+/m1/s1",CC(C)C[C@H](NC(=O)[C@@H](CC(N)=O)NC(=O)[C@H](CC1=CC=C(O)C=C1)N(C)C(=O)[C@H](CO)NC(=O)[C@@H](CC1=CN=CC=C1)NC(=O)[C@@H](CC1=CC=C(Cl)C=C1)NC(=O)[C@@H](CC1=CC2=C(C=CC=C2)C=C1)NC(C)=O)C(=O)N[C@@H](CCCCNC(C)C)C(=O)N1CCC[C@H]1C(=O)N[C@H](C)C(N)=O,C72H95ClN14O14,,D02738,16131215,46508237,337298,CHEMBL1252,,10482301,50102442
,,,,,,,,,,11520587,,,,,,
<Element '{http://www.drugbank.ca}drugbank-id' at 0x7f11c0f9d4f8>,Piribedil,3605-01-4,investigational,OQDPVLVUJFGPGQ-UHFFFAOYSA-N,"InChI=1S/C16H18N4O2/c1-4-17-16(18-5-1)20-8-6-19(7-9-20)11-13-2-3-14-15(10-13)22-12-21-14/h1-5,10H,6-9,11-12H2",C(N1CCN(CC1)C1=NC=CC=N1)C1=CC2=C(OCO2)C=C1,C16H18N4O2,,,4850,347828716,92833,CHEMBL1371770,,4684,85092
<Element '{http://www.drugbank.ca}drugbank-id' at 0x7f12fabc7548>,Tripelennamine,91-81-6,approved; vet_approved,UFLGIAIHIAPJJC-UHFFFAOYSA-N,"InChI=1S/C16H21N3/c1-18(2)12-13-19(16-10-6-7-11-17-16)14-15-8-4-3-5-9-15/h3-11H,12-14H2,1-2H3",CN(C)CCN(CC1=CC=CC=C1)C1=CC=CC=N1,C16H21N3,C07180,,5587,46506125,9741,CHEMBL1241,,5385,81471
,,,,,,,,,,131350,,,,,,
,,,,,,,,,,7276,,,,,,
,,,,,,,,,,10030106,,,,,,
,,,,,,,,,,408895,,,,,,
<Element '{http://www.drugbank.ca}drugbank-id' at 0x7f127e2efc78>,Acetylphosphate,,experimental,LIPOUNRJVLNBCD-UHFFFAOYSA-N,"InChI=1S/C2H5O5P/c1-2(3)7-8(4,5)6/h1H3,(H2,4,5,6)",CC(=O)OP(O)(O)=O,C2H5O5P,C00227,,186,46505844,15350,,UVW,181,
<Element '{http://www.drugbank.ca}drugbank-id' at 0x7f1283032908>,Thymol,89-83-8,approved,MGSRCZKZVOBKFT-UHFFFAOYSA-N,"InChI=1S/C10H14O/c1-7(2)9-5-4-8(3)6-10(9)11/h4-7,11H,1-3H3",CC(C)C1=CC=C(C)C=C1O,C10H14O,C09908,D01039,6989,46504674,27607,CHEMBL29411,IPB,21105998,50240432
,,,,,,,,,,1352,,,,,,
,,,,,,,,,,739,,,,,,
,,,,,,,,,,656744,,,,,,
,,,,,,,,,,5018,,,,,,
,,,,,,,,,,114827,,,,,,
<Element '{http://www.drugbank.ca}drugbank-id' at 0x7f1306f7b318>,Procaine,59-46-1,approved; investigational; vet_approved,MFDFERRIHVXMIY-UHFFFAOYSA-N,"InChI=1S/C13H20N2O2/c1-3-15(4-2)9-10-17-13(16)11-5-7-12(14)8-6-11/h5-8H,3-4,9-10,14H2,1-2H3",CCN(CC)CCOC(=O)C1=CC=C(N)C=C1,C13H20N2O2,C07375,D08422,4914,46507724,8430,CHEMBL569,,4745,64452
,,,,,,,,,,3246390,,,,,,
,,,,,,,,,,11158353,,,,,,
<Element '{http://www.drugbank.ca}drugbank-id' at 0x7f12d1ede958>,Isosorbide Mononitrate,16051-77-7,approved,YWXYYJSYQOXTPL-SLPGGIOYSA-N,"InChI=1S/C6H9NO6/c8-3-1-11-6-4(13-7(9)10)2-12-5(3)6/h3-6,8H,1-2H2/t3-,4+,5+,6+/m0/s1",[H][C@]12OC[C@@H](O[N+]([O-])=O)[C@@]1([H])OC[C@@H]2O,C6H9NO6,C07714,D00630,27661,46506594,6062,CHEMBL1311,,25736,
,,,,,,,,,,15139,,,,,,
,,,,,,,,,,93091,,,,,,
,,,,,,,,,,9975530,,,,,,
,,,,,,,,,,69512,,,,,,
,,,,,,,,,,9808022,,,,,,
,,,,,,,,,,114873,,,,,,
<Element '{http://www.drugbank.ca}drugbank-id' at 0x7f11b8e73908>,Nefiracetam,77191-36-7,investigational,NGHTXZCKLWZPGK-UHFFFAOYSA-N,"InChI=1S/C14H18N2O2/c1-10-5-3-6-11(2)14(10)15-12(17)9-16-8-4-7-13(16)18/h3,5-6H,4,7-9H2,1-2H3,(H,15,17)",CC1=CC=CC(C)=C1N=C(O)CN1CCCC1=O,C14H18N2O2,,,71157,347829207,135004,CHEMBL260829,,64299,
,,,,,,,,,,5626,,,,,,
,,,,,,,,,,29539,,,,,,
,,,,,,,,,,24479,,,,,,
,,,,,,,,,,15487,,,,,,
,,,,,,,,,,24762199,,,,,,
,,,,,,,,,,6850753,,,,,,
<Element '{http://www.drugbank.ca}drugbank-id' at 0x7f135ac55368>,Metoprolol,51384-51-1,approved; investigational,IUBSYMUCCVWXPE-UHFFFAOYSA-N,"InChI=1S/C15H25NO3/c1-12(2)16-10-14(17)11-19-15-6-4-13(5-7-15)8-9-18-3/h4-7,12,14,16-17H,8-11H2,1-3H3",COCCC1=CC=C(OCC(O)CNC(C)C)C=C1,C15H25NO3,C07202,D02358,4171,46506211,6904,CHEMBL13,,4027,25756
<Element '{http://www.drugbank.ca}drugbank-id' at 0x7f12b4151318>,Levetiracetam,102767-28-2,approved; investigational,HPHUVLMMVZITSG-LURJTMIESA-N,"InChI=1S/C8H14N2O2/c1-2-6(8(9)12)10-5-3-4-7(10)11/h6H,2-5H2,1H3,(H2,9,12)/t6-/m0/s1",CC[C@H](N1CCCC1=O)C(N)=O,C8H14N2O2,C07841,D00709,5284583,46508406,6437,CHEMBL1286,,4447633,50422542
<Element '{http://www.drugbank.ca}drugbank-id' at 0x7f127bf92f48>,scyllo-inositol,488-59-5,investigational,CDAISMWEOUEBRE-CDRYSYESSA-N,"InChI=1S/C6H12O6/c7-1-2(8)4(10)6(12)5(11)3(1)9/h1-12H/t1-,2-,3+,4+,5-,6-",O[C@H]1[C@H](O)[C@@H](O)[C@H](O)[C@@H](O)[C@@H]1O,C6H12O6,C06153,,892,46505198,10642,CHEMBL468154,2H3,10254646,
,,,,,,,,,,4385592,,,,,,
,,,,,,,,,,19665,,,,,,
<Element '{http://www.drugbank.ca}drugbank-id' at 0x7f135aff0408>,Carmustine,154-93-8,approved; investigational,DLGOEMSEDOSKAD-UHFFFAOYSA-N,"InChI=1S/C5H9Cl2N3O2/c6-1-3-8-5(11)10(9-12)4-2-7/h1-4H2,(H,8,11)",ClCCNC(=O)N(CCCl)N=O,C5H9Cl2N3O2,C06873,D00254,2578,46506980,3423,CHEMBL513,,2480,50015950
,,,,,,,,,,189460,,,,,,
,,,,,,,,,,1732,,,,,,
,,,,,,,,,,114827,,,,,,
,,,,,,,,,,6255462,,,,,,
<Element '{http://www.drugbank.ca}drugbank-id' at 0x7f1283032908>,Thymol,89-83-8,approved,MGSRCZKZVOBKFT-UHFFFAOYSA-N,"InChI=1S/C10H14O/c1-7(2)9-5-4-8(3)6-10(9)11/h4-7,11H,1-3H3",CC(C)C1=CC=C(C)C=C1O,C10H14O,C09908,D01039,6989,46504674,27607,CHEMBL29411,IPB,21105998,50240432
,,,,,,,,,,24480,,,,,,
,,,,,,,,,,9804719,,,,,,
<Element '{http://www.drugbank.ca}drugbank-id' at 0x7f1287a20c78>,Glycochenodeoxycholic Acid,640-79-9,experimental,GHCZAUBVMUEKKP-GYPHWSFCSA-N,"InChI=1S/C26H43NO5/c1-15(4-7-22(30)27-14-23(31)32)18-5-6-19-24-20(9-11-26(18,19)3)25(2)10-8-17(28)12-16(25)13-21(24)29/h15-21,24,28-29H,4-14H2,1-3H3,(H,27,30)(H,31,32)/t15-,16+,17-,18-,19+,20+,21-,24+,25+,26-/m1/s1",C[C@H](CCC(=O)NCC(O)=O)[C@H]1CC[C@H]2[C@@H]3[C@H](O)C[C@@H]4C[C@H](O)CC[C@]4(C)[C@H]3CC[C@]12C,C26H43NO5,C05466,,12544,46506300,36274,CHEMBL1552,CHO,12027,50375590
,,,,,,,,,,74493,,,,,,
,,,,,,,,,,15487,,,,,,
<Element '{http://www.drugbank.ca}drugbank-id' at 0x7f12224b6e08>,Amperozide,75558-90-6,experimental,NNAIYOXJNVGUOM-UHFFFAOYSA-N,"InChI=1S/C23H29F2N3O/c1-2-26-23(29)28-16-14-27(15-17-28)13-3-4-22(18-5-9-20(24)10-6-18)19-7-11-21(25)12-8-19/h5-12,22H,2-4,13-17H2,1H3,(H,26,29)",[H]N(CC)C(=O)N1CCN(CCCC(C2=CC=C(F)C=C2)C2=CC=C(F)C=C2)CC1,C23H29F2N3O,,,73333,175427159,92913,CHEMBL1079935,,66062,50311786
<Element '{http://www.drugbank.ca}drugbank-id' at 0x7f1288028e58>,"N,N-dimethylglycine",1118-68-9,experimental,FFDGPVCHZBVARC-UHFFFAOYSA-N,"InChI=1S/C4H9NO2/c1-5(2)3-4(6)7/h3H2,1-2H3,(H,6,7)",CN(C)CC(O)=O,C4H9NO2,C01026,,673,46507083,58251,,DMG,653,
,,,,,,,,,,6603977,,,,,,
,,,,,,,,,,3008868,,,,,,
,,,,,,,,,,1104,,,,,,
,,,,,,,,,,38012,,,,,,
,,,,,,,,,,91516,,,,,,
,,,,,,,,,,61671,,,,,,
,,,,,,,,,,9297,,,,,,
<Element '{http://www.drugbank.ca}drugbank-id' at 0x7f136977ea98>,Ramipril,87333-19-5,approved,HDACQVRGBOVJII-JBDAPHQKSA-N,"InChI=1S/C23H32N2O5/c1-3-30-23(29)18(13-12-16-8-5-4-6-9-16)24-15(2)21(26)25-19-11-7-10-17(19)14-20(25)22(27)28/h4-6,8-9,15,17-20,24H,3,7,10-14H2,1-2H3,(H,27,28)/t15-,17-,18-,19-,20-/m0/s1",[H][C@@]12CCC[C@]1([H])N([C@@H](C2)C(O)=O)C(=O)[C@H](C)N[C@@H](CCC1=CC=CC=C1)C(=O)OCC,C23H32N2O5,,D00421,5362129,46506390,8774,CHEMBL1168,,4514937,50084681
<Element '{http://www.drugbank.ca}drugbank-id' at 0x7f126d9cd778>,6-hydroxydopa quinone,,experimental,AGMJSPIGDFKRRO-YFKPBYRVSA-N,"InChI=1S/C9H9NO5/c10-5(9(14)15)1-4-2-7(12)8(13)3-6(4)11/h2-3,5,13H,1,10H2,(H,14,15)/t5-/m0/s1",N[C@@H](CC1=CC(=O)C(O)=CC1=O)C(O)=O,C9H9NO5,,,123871,46505126,36076,,TPQ,16744234,
,,,,,,,,,,5310984,,,,,,
,,,,,,,,,,11006,,,,,,
,,,,,,,,,,3780,,,,,,
,,,,,,,,,,17757205,,,,,,
,,,,,,,,,,9929731,,,,,,
,,,,,,,,,,104766,,,,,,
,,,,,,,,,,115010,,,,,,
,,,,,,,,,,5518,,,,,,
<Element '{http://www.drugbank.ca}drugbank-id' at 0x7f12882259f8>,Biliverdine IX Alpha,114-25-0,experimental,QBUVFDKTZJNUPP-BBROENKCSA-N,"InChI=1S/C33H34N4O6/c1-7-20-19(6)32(42)37-27(20)14-25-18(5)23(10-12-31(40)41)29(35-25)15-28-22(9-11-30(38)39)17(4)24(34-28)13-26-16(3)21(8-2)33(43)36-26/h7-8,13-15,35H,1-2,9-12H2,3-6H3,(H,36,43)(H,37,42)(H,38,39)(H,40,41)/b26-13-,27-14-,28-15-",CC1=C(C=C)\C(NC1=O)=C\C1=C(C)C(CCC(O)=O)=C(N1)\C=C1/N=C(/C=C2\NC(=O)C(C=C)=C2C)C(C)=C1CCC(O)=O,C33H34N4O6,C00500,,5280353,46505998,17033,CHEMBL455477,BLA,10628548,
<Element '{http://www.drugbank.ca}drugbank-id' at 0x7f11c8430c78>,Triptolide,38748-32-2,investigational,DFBIRQPKNDILPW-CIVMWXNOSA-N,"InChI=1S/C20H24O6/c1-8(2)18-13(25-18)14-20(26-14)17(3)5-4-9-10(7-23-15(9)21)11(17)6-12-19(20,24-12)16(18)22/h8,11-14,16,22H,4-7H2,1-3H3/t11-,12-,13-,14-,16+,17-,18-,19+,20+/m0/s1",CC(C)[C@]12O[C@H]1[C@@H]1O[C@]11[C@]3(O[C@H]3C[C@H]3C4=C(CC[C@]13C)C(=O)OC4)[C@@H]2O,C20H24O6,C09204,,107985,347828340,9747,CHEMBL463763,,97099,50241049
,,,,,,,,,,4273754,,,,,,
,,,,,,,,,,23723,,,,,,
,,,,,,,,,,16132042,,,,,,
,,,,,,,,,,36095,,,,,,
,,,,,,,,,,449219,,,,,,
,,,,,,,,,,442786,,,,,,
<Element '{http://www.drugbank.ca}drugbank-id' at 0x7f11bcaf98b8>,Higenamine,5843-65-2,investigational,WZRCQWQRFZITDX-UHFFFAOYSA-N,"InChI=1S/C16H17NO3/c18-12-3-1-10(2-4-12)7-14-13-9-16(20)15(19)8-11(13)5-6-17-14/h1-4,8-9,14,17-20H,5-7H2",OC1=CC=C(CC2NCCC3=C2C=C(O)C(O)=C3)C=C1,C16H17NO3,C06346,,114840,347828960,18418,CHEMBL19344,,102800,
<Element '{http://www.drugbank.ca}drugbank-id' at 0x7f1245ec60e8>,Degarelix,214766-78-6,approved,MEUCPCLKGZSHTA-XYAYPHGZSA-N,"InChI=1S/C82H103ClN18O16/c1-45(2)35-60(72(107)92-59(16-9-10-33-87-46(3)4)80(115)101-34-12-17-68(101)79(114)88-47(5)70(84)105)93-74(109)63(38-51-23-30-58(31-24-51)91-81(85)116)95-76(111)64(39-50-21-28-57(29-22-50)90-71(106)66-42-69(104)100-82(117)99-66)97-78(113)67(44-102)98-77(112)65(41-53-13-11-32-86-43-53)96-75(110)62(37-49-19-26-56(83)27-20-49)94-73(108)61(89-48(6)103)40-52-18-25-54-14-7-8-15-55(54)36-52/h7-8,11,13-15,18-32,36,43,45-47,59-68,87,102H,9-10,12,16-17,33-35,37-42,44H2,1-6H3,(H2,84,105)(H,88,114)(H,89,103)(H,90,106)(H,92,107)(H,93,109)(H,94,108)(H,95,111)(H,96,110)(H,97,113)(H,98,112)(H3,85,91,116)(H2,99,100,104,117)/t47-,59+,60+,61-,62-,63-,64+,65-,66+,67+,68+/m1/s1",CC(C)C[C@H](NC(=O)[C@@H](CC1=CC=C(NC(N)=O)C=C1)NC(=O)[C@H](CC1=CC=C(NC(=O)[C@@H]2CC(=O)NC(=O)N2)C=C1)NC(=O)[C@H](CO)NC(=O)[C@@H](CC1=CC=CN=C1)NC(=O)[C@@H](CC1=CC=C(Cl)C=C1)NC(=O)[C@@H](CC1=CC=C2C=CC=CC2=C1)NC(C)=O)C(=O)N[C@@H](CCCCNC(C)C)C(=O)N1CCC[C@H]1C(=O)N[C@H](C)C(N)=O,C82H103ClN18O16,,D08901,16136245,99443253,135961,CHEMBL415606,,17292756,50102450
,,,,,,,,,,42742,,,,,,
<Element '{http://www.drugbank.ca}drugbank-id' at 0x7f1298606138>,Fencamfamine,1209-98-9,experimental; illicit; withdrawn,IKFBPFGUINLYQI-UHFFFAOYSA-N,"InChI=1S/C15H21N/c1-2-16-15-13-9-8-12(10-13)14(15)11-6-4-3-5-7-11/h3-7,12-16H,2,8-10H2,1H3",CCNC1C2CCC(C2)C1C1=CC=CC=C1,C15H21N,,,14584,46508161,134895,CHEMBL7010,,13922,
,,,,,,,,,,16683094,,,,,,
,,,,,,,,,,114873,,,,,,
,,,,,,,,,,67111,,,,,,
,,,,,,,,,,160512,,,,,,
,,,,,,,,,,1930,,,,,,
<Element '{http://www.drugbank.ca}drugbank-id' at 0x7f12ea82b728>,Bumetanide,28395-03-1,approved,MAEIEVLCKWDQJH-UHFFFAOYSA-N,"InChI=1S/C17H20N2O5S/c1-2-3-9-19-14-10-12(17(20)21)11-15(25(18,22)23)16(14)24-13-7-5-4-6-8-13/h4-8,10-11,19H,2-3,9H2,1H3,(H,20,21)(H2,18,22,23)",CCCCNC1=C(OC2=CC=CC=C2)C(=CC(=C1)C(O)=O)S(N)(=O)=O,C17H20N2O5S,,D00247,2471,46508147,3213,CHEMBL1072,,2377,25903
,,,,,,,,,,71562195,,,,,,
,,,,,,,,,,105089,,,,,,
<Element '{http://www.drugbank.ca}drugbank-id' at 0x7f127d0ecc28>,Quisqualate,,experimental,ASNFTDCKZKHJSW-REOHCLBHSA-N,"InChI=1S/C5H7N3O5/c6-2(3(9)10)1-8-4(11)7-5(12)13-8/h2H,1,6H2,(H,9,10)(H,7,11,12)/t2-/m0/s1",N[C@@H](CN1OC(=O)NC1=O)C(O)=O,C5H7N3O5,C08296,,40539,46509075,8734,CHEMBL279956,QUS,37038,17660
,,,,,,,,,,91466,,,,,,
,,,,,,,,,,5462310,,,,,,
,,,,,,,,,,5725,,,,,,
<Element '{http://www.drugbank.ca}drugbank-id' at 0x7f12d92e6db8>,Formoterol,73573-87-2,approved; investigational,BPZSYCZIITTYBL-UHFFFAOYSA-N,"InChI=1S/C19H24N2O4/c1-13(9-14-3-6-16(25-2)7-4-14)20-11-19(24)15-5-8-18(23)17(10-15)21-12-22/h3-8,10,12-13,19-20,23-24H,9,11H2,1-2H3,(H,21,22)",COC1=CC=C(CC(C)NCC(O)C2=CC(NC=O)=C(O)C=C2)C=C1,C19H24N2O4,C07805,,3410,46507099,63082,CHEMBL1256786,,3292,86453
,,,,,,,,,,3246390,,,,,,
,,,,,,,,,,9881506,,,,,,
,,,,,,,,,,128016,,,,,,
,,,,,,,,,,71315856,,,,,,
,,,,,,,,,,9834591,,,,,,
,,,,,,,,,,9804719,,,,,,
<Element '{http://www.drugbank.ca}drugbank-id' at 0x7f11cd304e58>,Mocetinostat,726169-73-9,investigational,HRNLUBSXIHFDHP-UHFFFAOYSA-N,"InChI=1S/C23H20N6O/c24-19-5-1-2-6-21(19)28-22(30)17-9-7-16(8-10-17)14-27-23-26-13-11-20(29-23)18-4-3-12-25-15-18/h1-13,15H,14,24H2,(H,28,30)(H,26,27,29)",NC1=CC=CC=C1NC(=O)C1=CC=C(CNC2=NC=CC(=N2)C2=CC=CN=C2)C=C1,C23H20N6O,,,9865515,347828176,94525,CHEMBL272980,,8041206,24624
,,,,,,,,,,56603730,,,,,,
,,,,,,,,,,6053,,,,,,
,,,,,,,,,,5354027,,,,,,
,,,,,,,,,,442089,,,,,,
,,,,,,,,,,28536,,,,,,
,,,,,,,,,,442504,,,,,,
,,,,,,,,,,939,,,,,,
<Element '{http://www.drugbank.ca}drugbank-id' at 0x7f11c4984bd8>,KRN-7000,158021-47-7,investigational,VQFKFAKEUMHBLV-BYSUZVQFSA-N,"InChI=1S/C50H99NO9/c1-3-5-7-9-11-13-15-17-18-19-20-21-22-23-24-25-26-27-29-31-33-35-37-39-45(54)51-42(41-59-50-49(58)48(57)47(56)44(40-52)60-50)46(55)43(53)38-36-34-32-30-28-16-14-12-10-8-6-4-2/h42-44,46-50,52-53,55-58H,3-41H2,1-2H3,(H,51,54)/t42-,43+,44+,46-,47-,48-,49+,50-/m0/s1",[H][C@@](O)(CCCCCCCCCCCCCC)[C@@]([H])(O)[C@]([H])(CO[C@@]1([H])O[C@]([H])(CO)[C@]([H])(O)[C@]([H])(O)[C@@]1([H])O)N=C(O)CCCCCCCCCCCCCCCCCCCCCCCCC,C50H99NO9,,,2826713,347828511,466659,CHEMBL384200,AGH,2104816,
<Element '{http://www.drugbank.ca}drugbank-id' at 0x7f1306f7b318>,Procaine,59-46-1,approved; investigational; vet_approved,MFDFERRIHVXMIY-UHFFFAOYSA-N,"InChI=1S/C13H20N2O2/c1-3-15(4-2)9-10-17-13(16)11-5-7-12(14)8-6-11/h5-8H,3-4,9-10,14H2,1-2H3",CCN(CC)CCOC(=O)C1=CC=C(N)C=C1,C13H20N2O2,C07375,D08422,4914,46507724,8430,CHEMBL569,,4745,64452
,,,,,,,,,,11228183,,,,,,
<Element '{http://www.drugbank.ca}drugbank-id' at 0x7f127d194818>,Cacodylic acid,75-60-5,experimental,OGGXGZAMXPVRFZ-UHFFFAOYSA-N,"InChI=1S/C2H7AsO2/c1-3(2,4)5/h1-2H3,(H,4,5)",C[As](C)(O)=O,C2H7AsO2,C07308,,2513,46507712,48765,CHEMBL1231644,CAD,2418,
,,,,,,,,,,92398,,,,,,
,,,,,,,,,,5976,,,,,,
,,,,,,,,,,5460037,,,,,,
,,,,,,,,,,3816,,,,,,
,,,,,,,,,,161557,,,,,,
,,,,,,,,,,4545574,,,,,,
<Element '{http://www.drugbank.ca}drugbank-id' at 0x7f12fabc7548>,Tripelennamine,91-81-6,approved; vet_approved,UFLGIAIHIAPJJC-UHFFFAOYSA-N,"InChI=1S/C16H21N3/c1-18(2)12-13-19(16-10-6-7-11-17-16)14-15-8-4-3-5-9-15/h3-11H,12-14H2,1-2H3",CN(C)CCN(CC1=CC=CC=C1)C1=CC=CC=N1,C16H21N3,C07180,,5587,46506125,9741,CHEMBL1241,,5385,81471
,,,,,,,,,,46915213,,,,,,
<Element '{http://www.drugbank.ca}drugbank-id' at 0x7f11c4984bd8>,KRN-7000,158021-47-7,investigational,VQFKFAKEUMHBLV-BYSUZVQFSA-N,"InChI=1S/C50H99NO9/c1-3-5-7-9-11-13-15-17-18-19-20-21-22-23-24-25-26-27-29-31-33-35-37-39-45(54)51-42(41-59-50-49(58)48(57)47(56)44(40-52)60-50)46(55)43(53)38-36-34-32-30-28-16-14-12-10-8-6-4-2/h42-44,46-50,52-53,55-58H,3-41H2,1-2H3,(H,51,54)/t42-,43+,44+,46-,47-,48-,49+,50-/m0/s1",[H][C@@](O)(CCCCCCCCCCCCCC)[C@@]([H])(O)[C@]([H])(CO[C@@]1([H])O[C@]([H])(CO)[C@]([H])(O)[C@]([H])(O)[C@@]1([H])O)N=C(O)CCCCCCCCCCCCCCCCCCCCCCCCC,C50H99NO9,,,2826713,347828511,466659,CHEMBL384200,AGH,2104816,
,,,,,,,,,,135235,,,,,,
,,,,,,,,,,104798,,,,,,
,,,,,,,,,,155773,,,,,,
,,,,,,,,,,1894360,,,,,,
,,,,,,,,,,3084046,,,,,,
,,,,,,,,,,442653,,,,,,
,,,,,,,,,,24846128,,,,,,
,,,,,,,,,,9815560,,,,,,
,,,,,,,,,,5483658,,,,,,
,,,,,,,,,,72429,,,,,,
,,,,,,,,,,228398,,,,,,
,,,,,,,,,,10374453,,,,,,
<Element '{http://www.drugbank.ca}drugbank-id' at 0x7f11c6867458>,MK-212,64022-27-1,investigational,CJAWPFJGFFNXQI-UHFFFAOYSA-N,"InChI=1S/C8H11ClN4/c9-7-5-11-6-8(12-7)13-3-1-10-2-4-13/h5-6,10H,1-4H2",ClC1=NC(=CN=C1)N1CCNCC1,C8H11ClN4,,,107992,347828412,92360,CHEMBL269521,,97104,50017452
,,,,,,,,,,5360,,,,,,
,,,,,,,,,,440735,,,,,,
,,,,,,,,,,9963963,,,,,,
,,,,,,,,,,5360,,,,,,
,,,,,,,,,,2949,,,,,,
,,,,,,,,,,9825540,,,,,,
,,,,,,,,,,4553,,,,,,
,,,,,,,,,,6918876,,,,,,
,,,,,,,,,,9577953,,,,,,
,,,,,,,,,,9817980,,,,,,
<Element '{http://www.drugbank.ca}drugbank-id' at 0x7f124b677638>,Prucalopride,179474-81-8,approved,ZPMNHBXQOOVQJL-UHFFFAOYSA-N,"InChI=1S/C18H26ClN3O3/c1-24-9-2-6-22-7-3-12(4-8-22)21-18(23)14-11-15(19)16(20)13-5-10-25-17(13)14/h11-12H,2-10,20H2,1H3,(H,21,23)",COCCCN1CCC(CC1)NC(=O)C1=C2OCCC2=C(N)C(Cl)=C1,C18H26ClN3O3,,,3052762,310264873,135552,CHEMBL117287,,2314539,50122872
,,,,,,,,,,6918522,,,,,,
,,,,,,,,,,9861304,,,,,,
,,,,,,,,,,5497107,,,,,,
<Element '{http://www.drugbank.ca}drugbank-id' at 0x7f128aa96958>,"3,4-Dihydroxycinnamic Acid",331-39-5,experimental; investigational,QAIPRVGONGVQAS-DUXPYHPUSA-N,"InChI=1S/C9H8O4/c10-7-3-1-6(5-8(7)11)2-4-9(12)13/h1-5,10-11H,(H,12,13)/b4-2+",OC(=O)\C=C\C1=CC(O)=C(O)C=C1,C9H8O4,C01481,,689043,46504491,16433,CHEMBL145,DHC,600426,4375
,,,,,,,,,,108018,,,,,,
,,,,,,,,,,11095,,,,,,
<Element '{http://www.drugbank.ca}drugbank-id' at 0x7f11bcaf98b8>,Higenamine,5843-65-2,investigational,WZRCQWQRFZITDX-UHFFFAOYSA-N,"InChI=1S/C16H17NO3/c18-12-3-1-10(2-4-12)7-14-13-9-16(20)15(19)8-11(13)5-6-17-14/h1-4,8-9,14,17-20H,5-7H2",OC1=CC=C(CC2NCCC3=C2C=C(O)C(O)=C3)C=C1,C16H17NO3,C06346,,114840,347828960,18418,CHEMBL19344,,102800,
,,,,,,,,,,12585,,,,,,
<Element '{http://www.drugbank.ca}drugbank-id' at 0x7f1228d16138>,Tauroursodeoxycholic acid,14605-22-2,experimental; investigational,BHTRKEVKTKCXOH-LBSADWJPSA-N,"InChI=1S/C26H45NO6S/c1-16(4-7-23(30)27-12-13-34(31,32)33)19-5-6-20-24-21(9-11-26(19,20)3)25(2)10-8-18(28)14-17(25)15-22(24)29/h16-22,24,28-29H,4-15H2,1-3H3,(H,27,30)(H,31,32,33)/t16-,17+,18-,19-,20+,21+,22+,24+,25+,26-/m1/s1",[H][C@@]12CC[C@H]([C@H](C)CCC(=O)NCCS(O)(=O)=O)[C@@]1(C)CC[C@@]1([H])[C@@]2([H])[C@@H](O)C[C@]2([H])C[C@H](O)CC[C@]12C,C26H45NO6S,C16868,,9848818,175427112,80774,CHEMBL272427,5D5,8024531,50236230
<Element '{http://www.drugbank.ca}drugbank-id' at 0x7f11c7394d68>,Gadolinium,7440-54-2,approved; investigational,UIWYJDYFSGRHKR-UHFFFAOYSA-N,InChI=1S/Gd,[Gd],Gd,,,23982,347828395,33375,,GD,22418,
,,,,,,,,,,20138,,,,,,
,,,,,,,,,,102399,,,,,,
,,,,,,,,,,11966249,,,,,,
,,,,,,,,,,611,,,,,,
,,,,,,,,,,56841936,,,,,,
,,,,,,,,,,155773,,,,,,
,,,,,,,,,,2459,,,,,,
<Element '{http://www.drugbank.ca}drugbank-id' at 0x7f12ca287db8>,Glipizide,29094-61-9,approved; investigational,ZJJXGWJIGJFDTL-UHFFFAOYSA-N,"InChI=1S/C21H27N5O4S/c1-15-13-24-19(14-23-15)20(27)22-12-11-16-7-9-18(10-8-16)31(29,30)26-21(28)25-17-5-3-2-4-6-17/h7-10,13-14,17H,2-6,11-12H2,1H3,(H,22,27)(H2,25,26,28)",CC1=NC=C(N=C1)C(=O)NCCC1=CC=C(C=C1)S(=O)(=O)NC(=O)NC1CCCCC1,C21H27N5O4S,,D00335,3478,46505865,5384,CHEMBL1073,,3359,50012956
,,,,,,,,,,53399048,,,,,,
,,,,,,,,,,9937237,,,,,,
,,,,,,,,,,57106630,,,,,,
,,,,,,,,,,157350,,,,,,
,,,,,,,,,,6918522,,,,,,
,,,,,,,,,,16158207,,,,,,
,,,,,,,,,,32800,,,,,,
,,,,,,,,,,5626,,,,,,
,,,,,,,,,,156288,,,,,,
,,,,,,,,,,156418,,,,,,
,,,,,,,,,,154656,,,,,,
<Element '{http://www.drugbank.ca}drugbank-id' at 0x7f1279c7a2c8>,Glutaral,111-30-8,experimental,SXRSQZLOMIGNAQ-UHFFFAOYSA-N,"InChI=1S/C5H8O2/c6-4-2-1-3-5-7/h4-5H,1-3H2",O=CCCCC=O,C5H8O2,C12518,,3485,46505521,64276,CHEMBL1235482,PTD,3365,
,,,,,,,,,,28536,,,,,,
